,0,1,2
0,var1,var2,value
1,proto,proto,1.0
2,proto,state,-0.0907877978867596
3,proto,dur,-0.3014757505049221
4,proto,sbytes,-0.012836229079048272
5,proto,dbytes,-0.039657839290553755
6,proto,sttl,0.0010651866882561074
7,proto,dttl,-0.058767029157443626
8,proto,sloss,-0.03330699522681543
9,proto,dloss,-0.051149706652323976
10,proto,service,0.061666295475342144
11,proto,Sload,0.09975785005918274
12,proto,Dload,-0.08520767528160934
13,proto,Spkts,-0.07145207435401854
14,proto,Dpkts,-0.060795439056211056
15,proto,swin,-0.19894372704548352
16,proto,dwin,-0.1980401180422493
17,proto,stcpb,-0.1543343488849649
18,proto,dtcpb,-0.15430644748414132
19,proto,smeansz,-0.023134495452836547
20,proto,dmeansz,-0.11480613205713633
21,proto,trans_depth,-0.041208315069529
22,proto,res_bdy_len,-0.016523561476577298
23,proto,Sjit,-0.022502819773416158
24,proto,Djit,-0.09822980425795338
25,proto,Stime,0.018551695209104012
26,proto,Ltime,0.018236656652672108
27,proto,Sintpkt,-0.49769963440245524
28,proto,Dintpkt,-0.36857263512125754
29,proto,tcprtt,-0.026697099593781345
30,proto,synack,-0.02432792180846769
31,proto,ackdat,-0.024531150106591865
32,proto,is_sm_ips_ports,-0.3523053597946934
33,proto,ct_state_ttl,-0.0669143571397873
34,proto,ct_flw_http_mthd,-0.05057393001843467
35,proto,is_ftp_login,-0.02453196907649144
36,proto,ct_ftp_cmd,-0.02453196907649144
37,proto,ct_srv_src,0.24350870986309692
38,proto,ct_srv_dst,0.24477267506366532
39,proto,ct_dst_ltm,0.23171936945587426
40,proto,ct_src_ ltm,0.22890069129222412
41,proto,ct_src_dport_ltm,0.2255083267559929
42,proto,ct_dst_sport_ltm,0.23495850123888837
43,proto,ct_dst_src_ltm,0.23984537322849375
44,state,proto,-0.0907877978867596
45,state,state,1.0
46,state,dur,0.09047249045989544
47,state,sbytes,-0.003727267628015119
48,state,dbytes,0.01943795770825244
49,state,sttl,0.4352917344498387
50,state,dttl,-0.16578345509791428
51,state,sloss,0.009716619265369835
52,state,dloss,0.026300926156079155
53,state,service,0.0638635536818984
54,state,Sload,0.36029999930043227
55,state,Dload,0.0005701237699760895
56,state,Spkts,0.031097046206078924
57,state,Dpkts,0.023026520888686113
58,state,swin,0.11526033828581987
59,state,dwin,0.10198038391362906
60,state,stcpb,0.07950025480528343
61,state,dtcpb,0.07921752982467702
62,state,smeansz,0.0449620254159373
63,state,dmeansz,-0.01904861929110313
64,state,trans_depth,0.022932439770144027
65,state,res_bdy_len,0.007367960186850374
66,state,Sjit,0.007598631106262745
67,state,Djit,0.02003815576264045
68,state,Stime,0.019448995898278323
69,state,Ltime,0.019542861478953705
70,state,Sintpkt,0.009653810562205864
71,state,Dintpkt,-0.06728929904185102
72,state,tcprtt,-0.03750807180180725
73,state,synack,-0.03499822150531508
74,state,ackdat,-0.03354551375522547
75,state,is_sm_ips_ports,0.026439782304662145
76,state,ct_state_ttl,0.4037054919431904
77,state,ct_flw_http_mthd,0.02693804782483356
78,state,is_ftp_login,0.012988488176651094
79,state,ct_ftp_cmd,0.012988488176651094
80,state,ct_srv_src,0.5074470524489563
81,state,ct_srv_dst,0.5034067526232846
82,state,ct_dst_ltm,0.4445114673837413
83,state,ct_src_ ltm,0.43861931069872323
84,state,ct_src_dport_ltm,0.4711156599310073
85,state,ct_dst_sport_ltm,0.5012590247581242
86,state,ct_dst_src_ltm,0.5146909823897685
87,dur,proto,-0.30147575050492215
88,dur,state,0.09047249045989546
89,dur,dur,1.0
90,dur,sbytes,0.14461746813926052
91,dur,dbytes,0.24458344986665578
92,dur,sttl,0.015141457546324512
93,dur,dttl,0.05905260770196081
94,dur,sloss,0.15519634291726397
95,dur,dloss,0.24592215439484894
96,dur,service,0.004439798262714401
97,dur,Sload,-0.06868384763827404
98,dur,Dload,-0.06358150372664217
99,dur,Spkts,0.2803350971718789
100,dur,Dpkts,0.25382351822974636
101,dur,swin,0.04099308629526259
102,dur,dwin,0.034152069204723114
103,dur,stcpb,0.025787625438977897
104,dur,dtcpb,0.02596399559173894
105,dur,smeansz,0.020351226066636755
106,dur,dmeansz,0.08929199705656127
107,dur,trans_depth,0.05497488061603902
108,dur,res_bdy_len,0.16465573456631327
109,dur,Sjit,0.12580842895318065
110,dur,Djit,0.1883248012797243
111,dur,Stime,0.02113489613720192
112,dur,Ltime,0.022177646220474415
113,dur,Sintpkt,0.2749025628952667
114,dur,Dintpkt,0.3588531930938523
115,dur,tcprtt,0.05118817063961078
116,dur,synack,0.04673272118382281
117,dur,ackdat,0.04693738466335499
118,dur,is_sm_ips_ports,0.01151749052140763
119,dur,ct_state_ttl,0.09762322285698717
120,dur,ct_flw_http_mthd,0.06572949388127096
121,dur,is_ftp_login,0.0314926080384091
122,dur,ct_ftp_cmd,0.0314926080384091
123,dur,ct_srv_src,-0.10020872345174689
124,dur,ct_srv_dst,-0.09777553450328177
125,dur,ct_dst_ltm,-0.0848604276669412
126,dur,ct_src_ ltm,-0.08949672275775218
127,dur,ct_src_dport_ltm,-0.0853905513139022
128,dur,ct_dst_sport_ltm,-0.0844345767510525
129,dur,ct_dst_src_ltm,-0.08716636790315752
130,sbytes,proto,-0.012836229079048272
131,sbytes,state,-0.0037272676280151193
132,sbytes,dur,0.14461746813926052
133,sbytes,sbytes,0.9999999999999999
134,sbytes,dbytes,0.035740745291312395
135,sbytes,sttl,-0.00805029424172755
136,sbytes,dttl,0.06902077034712636
137,sbytes,sloss,0.9729818984516933
138,sbytes,dloss,0.03833411560074409
139,sbytes,service,0.08271961920222673
140,sbytes,Sload,-0.022835027209015965
141,sbytes,Dload,-0.0008190092533103627
142,sbytes,Spkts,0.7028223732327257
143,sbytes,Dpkts,0.11323013078920093
144,sbytes,swin,0.05445610747723991
145,sbytes,dwin,0.05471223942812963
146,sbytes,stcpb,0.0431572498379043
147,sbytes,dtcpb,0.0415827905206808
148,sbytes,smeansz,0.1855609641007322
149,sbytes,dmeansz,0.015494107593390824
150,sbytes,trans_depth,0.0048086091264636826
151,sbytes,res_bdy_len,0.016930550299276162
152,sbytes,Sjit,0.0015049440760117286
153,sbytes,Djit,0.0016872477097898977
154,sbytes,Stime,8.277284952825567e-05
155,sbytes,Ltime,0.00023375506997407687
156,sbytes,Sintpkt,-0.00274340667428042
157,sbytes,Dintpkt,-0.0008935244411491818
158,sbytes,tcprtt,0.0214634154952447
159,sbytes,synack,0.019252122345731523
160,sbytes,ackdat,0.020066383375872025
161,sbytes,is_sm_ips_ports,-0.0018091931629931341
162,sbytes,ct_state_ttl,-0.004887009639925872
163,sbytes,ct_flw_http_mthd,0.002125392457596337
164,sbytes,is_ftp_login,-0.0017310199627148968
165,sbytes,ct_ftp_cmd,-0.0017310199627148968
166,sbytes,ct_srv_src,-0.03771630801782867
167,sbytes,ct_srv_dst,-0.03773696731029578
168,sbytes,ct_dst_ltm,-0.031998045659931966
169,sbytes,ct_src_ ltm,-0.031933246502039485
170,sbytes,ct_src_dport_ltm,-0.03198626455295123
171,sbytes,ct_dst_sport_ltm,-0.033200289162555824
172,sbytes,ct_dst_src_ltm,-0.03521743005454813
173,dbytes,proto,-0.039657839290553755
174,dbytes,state,0.01943795770825244
175,dbytes,dur,0.24458344986665578
176,dbytes,sbytes,0.035740745291312395
177,dbytes,dbytes,0.9999999999999999
178,dbytes,sttl,-0.11114915270963537
179,dbytes,dttl,0.020861184473071483
180,dbytes,sloss,0.08792667516516084
181,dbytes,dloss,0.9912604324953842
182,dbytes,service,-0.006324383977642117
183,dbytes,Sload,-0.08506246054240463
184,dbytes,Dload,0.12402991956850343
185,dbytes,Spkts,0.6412082204423851
186,dbytes,Dpkts,0.9694590749559102
187,dbytes,swin,0.19943387297571313
188,dbytes,dwin,0.2003490002380719
189,dbytes,stcpb,0.15429453791471748
190,dbytes,dtcpb,0.1561484080853328
191,dbytes,smeansz,-0.08213338860557771
192,dbytes,dmeansz,0.5763797984724979
193,dbytes,trans_depth,0.12468165358507782
194,dbytes,res_bdy_len,0.6386355701029804
195,dbytes,Sjit,0.0179022198405557
196,dbytes,Djit,0.15637381698196753
197,dbytes,Stime,-0.0051072936353444304
198,dbytes,Ltime,-0.004851980491357437
199,dbytes,Sintpkt,-0.009919316663433018
200,dbytes,Dintpkt,-0.00791639558130906
201,dbytes,tcprtt,-0.014078884754269154
202,dbytes,synack,-0.012752241234325074
203,dbytes,ackdat,-0.01302340865777637
204,dbytes,is_sm_ips_ports,-0.006138307367289975
205,dbytes,ct_state_ttl,-0.08921526043066548
206,dbytes,ct_flw_http_mthd,0.1513205729035757
207,dbytes,is_ftp_login,-0.02044800618348902
208,dbytes,ct_ftp_cmd,-0.02044800618348902
209,dbytes,ct_srv_src,-0.1028243614742505
210,dbytes,ct_srv_dst,-0.10357922195651474
211,dbytes,ct_dst_ltm,-0.10433393188240128
212,dbytes,ct_src_ ltm,-0.10763028501985994
213,dbytes,ct_src_dport_ltm,-0.10692919781575935
214,dbytes,ct_dst_sport_ltm,-0.11773497609982583
215,dbytes,ct_dst_src_ltm,-0.11361021391969009
216,sttl,proto,0.0010651866882561076
217,sttl,state,0.4352917344498387
218,sttl,dur,0.015141457546324512
219,sttl,sbytes,-0.00805029424172755
220,sttl,dbytes,-0.11114915270963537
221,sttl,sttl,1.0
222,sttl,dttl,0.0678204176865118
223,sttl,sloss,-0.06487461693249767
224,sttl,dloss,-0.14082698092635157
225,sttl,service,-0.07096475006290534
226,sttl,Sload,0.20082721738251683
227,sttl,Dload,-0.2897957792626303
228,sttl,Spkts,-0.16106703680523374
229,sttl,Dpkts,-0.16933457600685684
230,sttl,swin,-0.3894757704392361
231,sttl,dwin,-0.3982259799467333
232,sttl,stcpb,-0.31067030212006264
233,sttl,dtcpb,-0.310927208056905
234,sttl,smeansz,-0.08390448571233793
235,sttl,dmeansz,-0.37846280808642574
236,sttl,trans_depth,-0.06706846248620357
237,sttl,res_bdy_len,-0.04543311892550073
238,sttl,Sjit,0.03882296030397872
239,sttl,Djit,-0.12502923800592441
240,sttl,Stime,0.022313353505450075
241,sttl,Ltime,0.022328574502918228
242,sttl,Sintpkt,-0.03314923586925403
243,sttl,Dintpkt,-0.019381243632407855
244,sttl,tcprtt,0.14313870535895465
245,sttl,synack,0.12513840003194526
246,sttl,ackdat,0.13747570188843464
247,sttl,is_sm_ips_ports,-0.028880810834901124
248,sttl,ct_state_ttl,0.9022177803604664
249,sttl,ct_flw_http_mthd,-0.08572234764113756
250,sttl,is_ftp_login,-0.06163552778134103
251,sttl,ct_ftp_cmd,-0.06163552778134103
252,sttl,ct_srv_src,0.3763779227882257
253,sttl,ct_srv_dst,0.3766734221409694
254,sttl,ct_dst_ltm,0.3185933478276241
255,sttl,ct_src_ ltm,0.31646020484926185
256,sttl,ct_src_dport_ltm,0.36141831927263995
257,sttl,ct_dst_sport_ltm,0.3911587463007042
258,sttl,ct_dst_src_ltm,0.40796024589811547
259,dttl,proto,-0.058767029157443626
260,dttl,state,-0.1657834550979143
261,dttl,dur,0.05905260770196081
262,dttl,sbytes,0.06902077034712636
263,dttl,dbytes,0.020861184473071483
264,dttl,sttl,0.0678204176865118
265,dttl,dttl,0.9999999999999999
266,dttl,sloss,0.0864650710089868
267,dttl,dloss,0.030112215401228624
268,dttl,service,0.05781152906354556
269,dttl,Sload,-0.2496445509885542
270,dttl,Dload,-0.002329176978805807
271,dttl,Spkts,0.07225717206437993
272,dttl,Dpkts,0.04130339962838198
273,dttl,swin,0.3963494282729764
274,dttl,dwin,0.3988695211467304
275,dttl,stcpb,0.3110211455442646
276,dttl,dtcpb,0.30933700056942076
277,dttl,smeansz,0.12358836651437656
278,dttl,dmeansz,0.09310079765949154
279,dttl,trans_depth,0.16544538582466664
280,dttl,res_bdy_len,0.016860897328083914
281,dttl,Sjit,0.16721550990676037
282,dttl,Djit,0.10517191845697481
283,dttl,Stime,-0.004734509091082911
284,dttl,Ltime,-0.004672885881609548
285,dttl,Sintpkt,-0.013490053236036123
286,dttl,Dintpkt,0.02232986357124837
287,dttl,tcprtt,0.4818620637996483
288,dttl,synack,0.4320248900581005
289,dttl,ackdat,0.4507146563551318
290,dttl,is_sm_ips_ports,-0.018116337456710475
291,dttl,ct_state_ttl,0.01365489598347902
292,dttl,ct_flw_http_mthd,0.2146105801819773
293,dttl,is_ftp_login,0.046322273958292394
294,dttl,ct_ftp_cmd,0.046322273958292394
295,dttl,ct_srv_src,-0.3593498845525099
296,dttl,ct_srv_dst,-0.3644295599611838
297,dttl,ct_dst_ltm,-0.33506443202806674
298,dttl,ct_src_ ltm,-0.33119657117272383
299,dttl,ct_src_dport_ltm,-0.32659810973880893
300,dttl,ct_dst_sport_ltm,-0.34584389621305783
301,dttl,ct_dst_src_ltm,-0.3513359745545079
302,sloss,proto,-0.03330699522681543
303,sloss,state,0.009716619265369835
304,sloss,dur,0.155196342917264
305,sloss,sbytes,0.9729818984516933
306,sloss,dbytes,0.08792667516516084
307,sloss,sttl,-0.06487461693249767
308,sloss,dttl,0.0864650710089868
309,sloss,sloss,1.0
310,sloss,dloss,0.1157659014502399
311,sloss,service,0.08250034233928444
312,sloss,Sload,-0.07007067128981974
313,sloss,Dload,0.0557544268932706
314,sloss,Spkts,0.7859598280490349
315,sloss,Dpkts,0.2103352722262643
316,sloss,swin,0.16741919100644376
317,sloss,dwin,0.16746857096195647
318,sloss,stcpb,0.13100547180110172
319,sloss,dtcpb,0.12920767075288933
320,sloss,smeansz,0.16757225255938743
321,sloss,dmeansz,0.08824188874004137
322,sloss,trans_depth,-0.00494331163348444
323,sloss,res_bdy_len,-0.006780646273253545
324,sloss,Sjit,0.005635967966594867
325,sloss,Djit,0.0260723501828739
326,sloss,Stime,-0.0019221984755821771
327,sloss,Ltime,-0.001760075273952636
328,sloss,Sintpkt,-0.008021456221540152
329,sloss,Dintpkt,-0.004313633218763473
330,sloss,tcprtt,0.01856215283293082
331,sloss,synack,0.016812907505553948
332,sloss,ackdat,0.01717073644378522
333,sloss,is_sm_ips_ports,-0.005132862335535462
334,sloss,ct_state_ttl,-0.052794162727474815
335,sloss,ct_flw_http_mthd,-0.010018483318183483
336,sloss,is_ftp_login,0.0304261451100606
337,sloss,ct_ftp_cmd,0.0304261451100606
338,sloss,ct_srv_src,-0.09552493773721835
339,sloss,ct_srv_dst,-0.0966391619094218
340,sloss,ct_dst_ltm,-0.08945859245218729
341,sloss,ct_src_ ltm,-0.08984681060171078
342,sloss,ct_src_dport_ltm,-0.09324537103150218
343,sloss,ct_dst_sport_ltm,-0.09866750280751563
344,sloss,ct_dst_src_ltm,-0.10072317202968793
345,dloss,proto,-0.05114970665232397
346,dloss,state,0.026300926156079155
347,dloss,dur,0.2459221543948489
348,dloss,sbytes,0.03833411560074409
349,dloss,dbytes,0.9912604324953843
350,dloss,sttl,-0.14082698092635157
351,dloss,dttl,0.030112215401228624
352,dloss,sloss,0.1157659014502399
353,dloss,dloss,1.0
354,dloss,service,0.005142988397324476
355,dloss,Sload,-0.10903153529572171
356,dloss,Dload,0.15542436299056336
357,dloss,Spkts,0.6757740623255017
358,dloss,Dpkts,0.9908965489954736
359,dloss,swin,0.25710810022851416
360,dloss,dwin,0.2582839447639045
361,dloss,stcpb,0.1994570715828495
362,dloss,dtcpb,0.20123078415412507
363,dloss,smeansz,-0.07916415393793554
364,dloss,dmeansz,0.5948318675703633
365,dloss,trans_depth,0.11319654952860457
366,dloss,res_bdy_len,0.6165311398493629
367,dloss,Sjit,0.0170059014793851
368,dloss,Djit,0.154916062137555
369,dloss,Stime,-0.00573764439218507
370,dloss,Ltime,-0.0054809056209343295
371,dloss,Sintpkt,-0.012851454063348885
372,dloss,Dintpkt,-0.009943207205535305
373,dloss,tcprtt,-0.015829333481645818
374,dloss,synack,-0.014269064373463378
375,dloss,ackdat,-0.01471976519815888
376,dloss,is_sm_ips_ports,-0.007891292772228702
377,dloss,ct_state_ttl,-0.11416206894791693
378,dloss,ct_flw_http_mthd,0.13744644343718807
379,dloss,is_ftp_login,0.005152593513161077
380,dloss,ct_ftp_cmd,0.005152593513161077
381,dloss,ct_srv_src,-0.13441127398439984
382,dloss,ct_srv_dst,-0.1358334304651717
383,dloss,ct_dst_ltm,-0.1344090813599023
384,dloss,ct_src_ ltm,-0.13734973528270913
385,dloss,ct_src_dport_ltm,-0.13908180699274164
386,dloss,ct_dst_sport_ltm,-0.1514437963298282
387,dloss,ct_dst_src_ltm,-0.148339186603487
388,service,proto,0.061666295475342144
389,service,state,0.0638635536818984
390,service,dur,0.0044397982627144015
391,service,sbytes,0.08271961920222673
392,service,dbytes,-0.006324383977642117
393,service,sttl,-0.07096475006290533
394,service,dttl,0.057811529063545565
395,service,sloss,0.08250034233928444
396,service,dloss,0.005142988397324476
397,service,service,1.0
398,service,Sload,-0.01778018250744792
399,service,Dload,-0.28113934281140246
400,service,Spkts,0.04467295324589017
401,service,Dpkts,0.019615597757272743
402,service,swin,0.10205333432288075
403,service,dwin,0.10580634047842138
404,service,stcpb,0.0825059405141472
405,service,dtcpb,0.07966177149541333
406,service,smeansz,0.432636846504684
407,service,dmeansz,-0.08966393703941729
408,service,trans_depth,0.27779436502525495
409,service,res_bdy_len,0.11231545974603123
410,service,Sjit,0.02667271741094586
411,service,Djit,0.2550387217673749
412,service,Stime,0.0059483722727722696
413,service,Ltime,0.005953128949960212
414,service,Sintpkt,-0.03911280025164209
415,service,Dintpkt,-0.025079535449197516
416,service,tcprtt,-0.008455874322931801
417,service,synack,-0.011335586600463987
418,service,ackdat,-0.0036928698113536675
419,service,is_sm_ips_ports,-0.02578449935485215
420,service,ct_state_ttl,-0.05883065521089358
421,service,ct_flw_http_mthd,0.3394816114157037
422,service,is_ftp_login,0.06082765407435863
423,service,ct_ftp_cmd,0.06082765407435863
424,service,ct_srv_src,-0.07492719770116187
425,service,ct_srv_dst,-0.06506879666498257
426,service,ct_dst_ltm,0.01111575776017665
427,service,ct_src_ ltm,0.005112507544318314
428,service,ct_src_dport_ltm,0.011899516364674227
429,service,ct_dst_sport_ltm,0.022888545246138946
430,service,ct_dst_src_ltm,0.009594370971750005
431,Sload,proto,0.09975785005918274
432,Sload,state,0.36029999930043227
433,Sload,dur,-0.06868384763827402
434,Sload,sbytes,-0.022835027209015965
435,Sload,dbytes,-0.08506246054240463
436,Sload,sttl,0.20082721738251683
437,Sload,dttl,-0.2496445509885542
438,Sload,sloss,-0.07007067128981974
439,Sload,dloss,-0.10903153529572171
440,Sload,service,-0.017780182507447916
441,Sload,Sload,1.0
442,Sload,Dload,-0.21374856911478207
443,Sload,Spkts,-0.14246552051136427
444,Sload,Dpkts,-0.13386489233059518
445,Sload,swin,-0.41922178624016865
446,Sload,dwin,-0.418376143323696
447,Sload,stcpb,-0.3260345395639584
448,Sload,dtcpb,-0.3259868897443072
449,Sload,smeansz,0.0716522225236275
450,Sload,dmeansz,-0.29788751757976056
451,Sload,trans_depth,-0.08820440439858347
452,Sload,res_bdy_len,-0.035440736263785994
453,Sload,Sjit,-0.03610059087118732
454,Sload,Djit,-0.11755085454765143
455,Sload,Stime,0.02068786245688866
456,Sload,Ltime,0.020615610956913367
457,Sload,Sintpkt,-0.023283422109317532
458,Sload,Dintpkt,-0.02111262730253332
459,Sload,tcprtt,-0.05724363754259086
460,Sload,synack,-0.05214895313831187
461,Sload,ackdat,-0.05261596203495631
462,Sload,is_sm_ips_ports,-0.01372037663359741
463,Sload,ct_state_ttl,0.12633750637099692
464,Sload,ct_flw_http_mthd,-0.10825794578735155
465,Sload,is_ftp_login,-0.05249737093252744
466,Sload,ct_ftp_cmd,-0.05249737093252744
467,Sload,ct_srv_src,0.5092128778396359
468,Sload,ct_srv_dst,0.5113003649289997
469,Sload,ct_dst_ltm,0.45309112591075595
470,Sload,ct_src_ ltm,0.44637319878446696
471,Sload,ct_src_dport_ltm,0.48432045347860403
472,Sload,ct_dst_sport_ltm,0.509334188303584
473,Sload,ct_dst_src_ltm,0.5260159227412411
474,Dload,proto,-0.08520767528160934
475,Dload,state,0.0005701237699760894
476,Dload,dur,-0.06358150372664217
477,Dload,sbytes,-0.0008190092533103628
478,Dload,dbytes,0.12402991956850343
479,Dload,sttl,-0.2897957792626303
480,Dload,dttl,-0.002329176978805807
481,Dload,sloss,0.05575442689327059
482,Dload,dloss,0.15542436299056334
483,Dload,service,-0.28113934281140246
484,Dload,Sload,-0.21374856911478207
485,Dload,Dload,1.0
486,Dload,Spkts,0.19919673668303695
487,Dload,Dpkts,0.17413420571590577
488,Dload,swin,0.4566377315295225
489,Dload,dwin,0.4589638020373561
490,Dload,stcpb,0.3584594831809582
491,Dload,dtcpb,0.36005712084802655
492,Dload,smeansz,-0.1690608740218686
493,Dload,dmeansz,0.617290539122605
494,Dload,trans_depth,-0.07544156469414925
495,Dload,res_bdy_len,0.01822136394837139
496,Dload,Sjit,-0.038520801475993266
497,Dload,Djit,-0.1147991077314882
498,Dload,Stime,-0.016581478836874535
499,Dload,Ltime,-0.01664729121978872
500,Dload,Sintpkt,-0.028730537382580832
501,Dload,Dintpkt,-0.02330385987701569
502,Dload,tcprtt,-0.05948413676958806
503,Dload,synack,-0.05189423095290694
504,Dload,ackdat,-0.05725376576588415
505,Dload,is_sm_ips_ports,-0.015658518003307177
506,Dload,ct_state_ttl,-0.24806969048820712
507,Dload,ct_flw_http_mthd,-0.09225845069210667
508,Dload,is_ftp_login,-0.05201421638115367
509,Dload,ct_ftp_cmd,-0.05201421638115367
510,Dload,ct_srv_src,-0.2441810912433827
511,Dload,ct_srv_dst,-0.261508398292973
512,Dload,ct_dst_ltm,-0.27108048814586205
513,Dload,ct_src_ ltm,-0.2561175784548742
514,Dload,ct_src_dport_ltm,-0.2887609871287548
515,Dload,ct_dst_sport_ltm,-0.3012619136496805
516,Dload,ct_dst_src_ltm,-0.31478594962530104
517,Spkts,proto,-0.07145207435401854
518,Spkts,state,0.03109704620607892
519,Spkts,dur,0.2803350971718789
520,Spkts,sbytes,0.7028223732327257
521,Spkts,dbytes,0.6412082204423851
522,Spkts,sttl,-0.16106703680523374
523,Spkts,dttl,0.07225717206437993
524,Spkts,sloss,0.7859598280490349
525,Spkts,dloss,0.6757740623255017
526,Spkts,service,0.04467295324589017
527,Spkts,Sload,-0.14246552051136427
528,Spkts,Dload,0.19919673668303695
529,Spkts,Spkts,1.0
530,Spkts,Dpkts,0.7476201674476509
531,Spkts,swin,0.32954107831276713
532,Spkts,dwin,0.3308973313340606
533,Spkts,stcpb,0.2570411062853388
534,Spkts,dtcpb,0.2568657257365065
535,Spkts,smeansz,0.06080219468050401
536,Spkts,dmeansz,0.4783071780468465
537,Spkts,trans_depth,0.05243664105188841
538,Spkts,res_bdy_len,0.33387064545532835
539,Spkts,Sjit,0.011726822143730543
540,Spkts,Djit,0.10409762799125354
541,Spkts,Stime,-0.005117349983483797
542,Spkts,Ltime,-0.004824618609340324
543,Spkts,Sintpkt,-0.01623755758095706
544,Spkts,Dintpkt,-0.011171260758012254
545,Spkts,tcprtt,-0.005861671609375766
546,Spkts,synack,-0.004700792944827429
547,Spkts,ackdat,-0.006105677482583792
548,Spkts,is_sm_ips_ports,-0.010781076026127637
549,Spkts,ct_state_ttl,-0.1338092019432666
550,Spkts,ct_flw_http_mthd,0.0605995397843711
551,Spkts,is_ftp_login,0.03771372464796628
552,Spkts,ct_ftp_cmd,0.03771372464796628
553,Spkts,ct_srv_src,-0.18210831517991277
554,Spkts,ct_srv_dst,-0.18529084950251906
555,Spkts,ct_dst_ltm,-0.17881530277434432
556,Spkts,ct_src_ ltm,-0.17971418821447077
557,Spkts,ct_src_dport_ltm,-0.18644979952190338
558,Spkts,ct_dst_sport_ltm,-0.19865268194838978
559,Spkts,ct_dst_src_ltm,-0.200457858004644
560,Dpkts,proto,-0.06079543905621106
561,Dpkts,state,0.023026520888686113
562,Dpkts,dur,0.25382351822974636
563,Dpkts,sbytes,0.11323013078920094
564,Dpkts,dbytes,0.9694590749559102
565,Dpkts,sttl,-0.16933457600685684
566,Dpkts,dttl,0.04130339962838198
567,Dpkts,sloss,0.2103352722262643
568,Dpkts,dloss,0.9908965489954736
569,Dpkts,service,0.019615597757272743
570,Dpkts,Sload,-0.13386489233059518
571,Dpkts,Dload,0.17413420571590577
572,Dpkts,Spkts,0.7476201674476508
573,Dpkts,Dpkts,0.9999999999999999
574,Dpkts,swin,0.30767828909900635
575,Dpkts,dwin,0.30912413437377495
576,Dpkts,stcpb,0.23917658872008943
577,Dpkts,dtcpb,0.2406747875195051
578,Dpkts,smeansz,-0.05605259928637917
579,Dpkts,dmeansz,0.6034339957063571
580,Dpkts,trans_depth,0.10438478976220035
581,Dpkts,res_bdy_len,0.5734976560286432
582,Dpkts,Sjit,0.01810399720635419
583,Dpkts,Djit,0.16157284992456336
584,Dpkts,Stime,-0.0068604328180732355
585,Dpkts,Ltime,-0.006595413890671745
586,Dpkts,Sintpkt,-0.015345563771460239
587,Dpkts,Dintpkt,-0.01084530861242526
588,Dpkts,tcprtt,-0.017474506268050152
589,Dpkts,synack,-0.01562600531386619
590,Dpkts,ackdat,-0.01639120768309721
591,Dpkts,is_sm_ips_ports,-0.009709610542055463
592,Dpkts,ct_state_ttl,-0.139844924700074
593,Dpkts,ct_flw_http_mthd,0.12641338583632417
594,Dpkts,is_ftp_login,0.021321559571776155
595,Dpkts,ct_ftp_cmd,0.021321559571776155
596,Dpkts,ct_srv_src,-0.16739023832103872
597,Dpkts,ct_srv_dst,-0.1691722821308793
598,Dpkts,ct_dst_ltm,-0.16514293864603272
599,Dpkts,ct_src_ ltm,-0.16769347235657464
600,Dpkts,ct_src_dport_ltm,-0.17185337448929858
601,Dpkts,ct_dst_sport_ltm,-0.18637053826574806
602,Dpkts,ct_dst_src_ltm,-0.18380419128431746
603,swin,proto,-0.19894372704548352
604,swin,state,0.11526033828581987
605,swin,dur,0.04099308629526259
606,swin,sbytes,0.054456107477239904
607,swin,dbytes,0.19943387297571313
608,swin,sttl,-0.3894757704392361
609,swin,dttl,0.3963494282729764
610,swin,sloss,0.16741919100644378
611,swin,dloss,0.25710810022851416
612,swin,service,0.10205333432288075
613,swin,Sload,-0.41922178624016865
614,swin,Dload,0.45663773152952253
615,swin,Spkts,0.3295410783127672
616,swin,Dpkts,0.30767828909900635
617,swin,swin,0.9999999999999999
618,swin,dwin,0.9954356147411536
619,swin,stcpb,0.7757564497271466
620,swin,dtcpb,0.7756166617078457
621,swin,smeansz,0.14710623664368241
622,swin,dmeansz,0.6136990190339757
623,swin,trans_depth,0.207137147234246
624,swin,res_bdy_len,0.0830571058446099
625,swin,Sjit,0.08340313295387906
626,swin,Djit,0.26623246405411755
627,swin,Stime,-0.023429095186397117
628,swin,Ltime,-0.023385512020586897
629,swin,Sintpkt,-0.040182217203964324
630,swin,Dintpkt,-0.017254959418786082
631,swin,tcprtt,0.13405772200178992
632,swin,synack,0.12214881897256122
633,swin,ackdat,0.12319528893125334
634,swin,is_sm_ips_ports,-0.03040304210220779
635,swin,ct_state_ttl,-0.3339471265961091
636,swin,ct_flw_http_mthd,0.2542142179501316
637,swin,is_ftp_login,0.12331205684991993
638,swin,ct_ftp_cmd,0.12331205684991993
639,swin,ct_srv_src,-0.5482655668760492
640,swin,ct_srv_dst,-0.5582123090335896
641,swin,ct_dst_ltm,-0.5111155095541923
642,swin,ct_src_ ltm,-0.4993224518200065
643,swin,ct_src_dport_ltm,-0.5447391592371383
644,swin,ct_dst_sport_ltm,-0.5888652290455507
645,swin,ct_dst_src_ltm,-0.5818115949227401
646,dwin,proto,-0.1980401180422493
647,dwin,state,0.10198038391362906
648,dwin,dur,0.034152069204723114
649,dwin,sbytes,0.05471223942812963
650,dwin,dbytes,0.2003490002380719
651,dwin,sttl,-0.3982259799467333
652,dwin,dttl,0.3988695211467304
653,dwin,sloss,0.16746857096195647
654,dwin,dloss,0.2582839447639045
655,dwin,service,0.10580634047842138
656,dwin,Sload,-0.41837614332369594
657,dwin,Dload,0.4589638020373561
658,dwin,Spkts,0.3308973313340606
659,dwin,Dpkts,0.30912413437377495
660,dwin,swin,0.9954356147411536
661,dwin,dwin,1.0
662,dwin,stcpb,0.7791453947181988
663,dwin,dtcpb,0.7791118339473626
664,dwin,smeansz,0.14952719610556545
665,dwin,dmeansz,0.6169049104448558
666,dwin,trans_depth,0.208085060692378
667,dwin,res_bdy_len,0.08343719676251102
668,dwin,Sjit,0.0832699962671648
669,dwin,Djit,0.2674916191566974
670,dwin,Stime,-0.026478589443772137
671,dwin,Ltime,-0.026442080165320223
672,dwin,Sintpkt,-0.042463530302597495
673,dwin,Dintpkt,-0.017036750497633875
674,dwin,tcprtt,0.13456209744061645
675,dwin,synack,0.12257314571887166
676,dwin,ackdat,0.12369837713359863
677,dwin,is_sm_ips_ports,-0.03055330429831713
678,dwin,ct_state_ttl,-0.3638146454616884
679,dwin,ct_flw_http_mthd,0.2553775683277004
680,dwin,is_ftp_login,0.12387636489316002
681,dwin,ct_ftp_cmd,0.12387636489316002
682,dwin,ct_srv_src,-0.5506139058107503
683,dwin,ct_srv_dst,-0.560199658143449
684,dwin,ct_dst_ltm,-0.5115652989939152
685,dwin,ct_src_ ltm,-0.49981502771280545
686,dwin,ct_src_dport_ltm,-0.5422785646894943
687,dwin,ct_dst_sport_ltm,-0.5864628896324419
688,dwin,ct_dst_src_ltm,-0.5840317908423233
689,stcpb,proto,-0.1543343488849649
690,stcpb,state,0.07950025480528343
691,stcpb,dur,0.025787625438977894
692,stcpb,sbytes,0.04315724983790431
693,stcpb,dbytes,0.15429453791471748
694,stcpb,sttl,-0.31067030212006264
695,stcpb,dttl,0.3110211455442646
696,stcpb,sloss,0.13100547180110172
697,stcpb,dloss,0.19945707158284948
698,stcpb,service,0.0825059405141472
699,stcpb,Sload,-0.32603453956395845
700,stcpb,Dload,0.3584594831809582
701,stcpb,Spkts,0.2570411062853388
702,stcpb,Dpkts,0.23917658872008946
703,stcpb,swin,0.7757564497271467
704,stcpb,dwin,0.7791453947181988
705,stcpb,stcpb,0.9999999999999998
706,stcpb,dtcpb,0.6879719083502096
707,stcpb,smeansz,0.11543862298338478
708,stcpb,dmeansz,0.4796911732491309
709,stcpb,trans_depth,0.16226195988048991
710,stcpb,res_bdy_len,0.06307654638143263
711,stcpb,Sjit,0.06378527057481412
712,stcpb,Djit,0.2071716359479731
713,stcpb,Stime,-0.021257516627377973
714,stcpb,Ltime,-0.0212299740481555
715,stcpb,Sintpkt,-0.03313773237409189
716,stcpb,Dintpkt,-0.013381770261702036
717,stcpb,tcprtt,0.10639913768054886
718,stcpb,synack,0.09703586650906502
719,stcpb,ackdat,0.09767831278012638
720,stcpb,is_sm_ips_ports,-0.023683724673971285
721,stcpb,ct_state_ttl,-0.2832999142052658
722,stcpb,ct_flw_http_mthd,0.19940264815925587
723,stcpb,is_ftp_login,0.09708783141769131
724,stcpb,ct_ftp_cmd,0.09708783141769131
725,stcpb,ct_srv_src,-0.42928201613357664
726,stcpb,ct_srv_dst,-0.4363432036846461
727,stcpb,ct_dst_ltm,-0.3988411216752503
728,stcpb,ct_src_ ltm,-0.38980200957825134
729,stcpb,ct_src_dport_ltm,-0.4227256003016379
730,stcpb,ct_dst_sport_ltm,-0.45706040133136167
731,stcpb,ct_dst_src_ltm,-0.4550857636850796
732,dtcpb,proto,-0.1543064474841413
733,dtcpb,state,0.07921752982467702
734,dtcpb,dur,0.025963995591738943
735,dtcpb,sbytes,0.0415827905206808
736,dtcpb,dbytes,0.15614840808533284
737,dtcpb,sttl,-0.31092720805690494
738,dtcpb,dttl,0.30933700056942076
739,dtcpb,sloss,0.12920767075288936
740,dtcpb,dloss,0.2012307841541251
741,dtcpb,service,0.07966177149541333
742,dtcpb,Sload,-0.3259868897443072
743,dtcpb,Dload,0.36005712084802655
744,dtcpb,Spkts,0.25686572573650646
745,dtcpb,Dpkts,0.2406747875195051
746,dtcpb,swin,0.7756166617078458
747,dtcpb,dwin,0.7791118339473627
748,dtcpb,stcpb,0.6879719083502096
749,dtcpb,dtcpb,1.0
750,dtcpb,smeansz,0.11600050311431513
751,dtcpb,dmeansz,0.48147517756769553
752,dtcpb,trans_depth,0.16040355507007825
753,dtcpb,res_bdy_len,0.06407953080099413
754,dtcpb,Sjit,0.06564631497108613
755,dtcpb,Djit,0.2067846854870589
756,dtcpb,Stime,-0.0222649977535494
757,dtcpb,Ltime,-0.022237207733524854
758,dtcpb,Sintpkt,-0.03303177618916494
759,dtcpb,Dintpkt,-0.01293708163665678
760,dtcpb,tcprtt,0.10607413527999744
761,dtcpb,synack,0.09741206995220625
762,dtcpb,ackdat,0.0966245462531859
763,dtcpb,is_sm_ips_ports,-0.023806145400143218
764,dtcpb,ct_state_ttl,-0.28343143759360234
765,dtcpb,ct_flw_http_mthd,0.19747086418167958
766,dtcpb,is_ftp_login,0.09512881972332352
767,dtcpb,ct_ftp_cmd,0.09512881972332352
768,dtcpb,ct_srv_src,-0.4285853744379258
769,dtcpb,ct_srv_dst,-0.4358710960254118
770,dtcpb,ct_dst_ltm,-0.3984221196954934
771,dtcpb,ct_src_ ltm,-0.3891539741220753
772,dtcpb,ct_src_dport_ltm,-0.42236621817991443
773,dtcpb,ct_dst_sport_ltm,-0.45695321658825666
774,dtcpb,ct_dst_src_ltm,-0.4548025792326284
775,smeansz,proto,-0.023134495452836544
776,smeansz,state,0.0449620254159373
777,smeansz,dur,0.020351226066636755
778,smeansz,sbytes,0.18556096410073217
779,smeansz,dbytes,-0.08213338860557771
780,smeansz,sttl,-0.08390448571233794
781,smeansz,dttl,0.12358836651437655
782,smeansz,sloss,0.16757225255938743
783,smeansz,dloss,-0.07916415393793552
784,smeansz,service,0.432636846504684
785,smeansz,Sload,0.0716522225236275
786,smeansz,Dload,-0.1690608740218686
787,smeansz,Spkts,0.06080219468050401
788,smeansz,Dpkts,-0.056052599286379165
789,smeansz,swin,0.1471062366436824
790,smeansz,dwin,0.14952719610556542
791,smeansz,stcpb,0.11543862298338478
792,smeansz,dtcpb,0.11600050311431513
793,smeansz,smeansz,1.0
794,smeansz,dmeansz,-0.1817241185370206
795,smeansz,trans_depth,0.02021286574484797
796,smeansz,res_bdy_len,-0.03676892460471398
797,smeansz,Sjit,0.007011510016317216
798,smeansz,Djit,-0.019325821230120253
799,smeansz,Stime,-0.005080992754148391
800,smeansz,Ltime,-0.005059781210983005
801,smeansz,Sintpkt,-0.022937191961477137
802,smeansz,Dintpkt,-0.015513427202503965
803,smeansz,tcprtt,0.041875574015231405
804,smeansz,synack,0.0377760326907938
805,smeansz,ackdat,0.03890876292907918
806,smeansz,is_sm_ips_ports,-0.016674265621883316
807,smeansz,ct_state_ttl,-0.09813249436449809
808,smeansz,ct_flw_http_mthd,0.011357803897398126
809,smeansz,is_ftp_login,-0.054164846313158536
810,smeansz,ct_ftp_cmd,-0.054164846313158536
811,smeansz,ct_srv_src,-0.09972558036736108
812,smeansz,ct_srv_dst,-0.09655852598769883
813,smeansz,ct_dst_ltm,-0.06324235280631796
814,smeansz,ct_src_ ltm,-0.06246038860732894
815,smeansz,ct_src_dport_ltm,-0.07220039765365639
816,smeansz,ct_dst_sport_ltm,-0.07299099202891823
817,smeansz,ct_dst_src_ltm,-0.06849516789598328
818,dmeansz,proto,-0.11480613205713631
819,dmeansz,state,-0.019048619291103127
820,dmeansz,dur,0.08929199705656127
821,dmeansz,sbytes,0.015494107593390824
822,dmeansz,dbytes,0.5763797984724979
823,dmeansz,sttl,-0.37846280808642574
824,dmeansz,dttl,0.09310079765949154
825,dmeansz,sloss,0.08824188874004135
826,dmeansz,dloss,0.5948318675703633
827,dmeansz,service,-0.08966393703941729
828,dmeansz,Sload,-0.2978875175797605
829,dmeansz,Dload,0.617290539122605
830,dmeansz,Spkts,0.4783071780468466
831,dmeansz,Dpkts,0.6034339957063571
832,dmeansz,swin,0.6136990190339757
833,dmeansz,dwin,0.6169049104448558
834,dmeansz,stcpb,0.4796911732491309
835,dmeansz,dtcpb,0.48147517756769553
836,dmeansz,smeansz,-0.1817241185370206
837,dmeansz,dmeansz,1.0
838,dmeansz,trans_depth,0.20334233147707134
839,dmeansz,res_bdy_len,0.30362840615970194
840,dmeansz,Sjit,0.027232813200362048
841,dmeansz,Djit,0.3273381119811206
842,dmeansz,Stime,-0.01956685326657785
843,dmeansz,Ltime,-0.019473099640886622
844,dmeansz,Sintpkt,-0.03144918480076036
845,dmeansz,Dintpkt,-0.01935825990607804
846,dmeansz,tcprtt,-0.03581402838565352
847,dmeansz,synack,-0.032007347195588974
848,dmeansz,ackdat,-0.033614219154370406
849,dmeansz,is_sm_ips_ports,-0.021617087966651214
850,dmeansz,ct_state_ttl,-0.31520730364927424
851,dmeansz,ct_flw_http_mthd,0.24600779242806523
852,dmeansz,is_ftp_login,-0.05642947707905947
853,dmeansz,ct_ftp_cmd,-0.05642947707905947
854,dmeansz,ct_srv_src,-0.37543117408414606
855,dmeansz,ct_srv_dst,-0.3874986422742239
856,dmeansz,ct_dst_ltm,-0.3719228736824212
857,dmeansz,ct_src_ ltm,-0.3656047633670492
858,dmeansz,ct_src_dport_ltm,-0.3913358667427995
859,dmeansz,ct_dst_sport_ltm,-0.4151557436479422
860,dmeansz,ct_dst_src_ltm,-0.42403776127712905
861,trans_depth,proto,-0.041208315069529
862,trans_depth,state,0.02293243977014403
863,trans_depth,dur,0.05497488061603903
864,trans_depth,sbytes,0.0048086091264636826
865,trans_depth,dbytes,0.12468165358507782
866,trans_depth,sttl,-0.06706846248620357
867,trans_depth,dttl,0.16544538582466664
868,trans_depth,sloss,-0.00494331163348444
869,trans_depth,dloss,0.11319654952860458
870,trans_depth,service,0.277794365025255
871,trans_depth,Sload,-0.08820440439858349
872,trans_depth,Dload,-0.07544156469414924
873,trans_depth,Spkts,0.05243664105188841
874,trans_depth,Dpkts,0.10438478976220036
875,trans_depth,swin,0.207137147234246
876,trans_depth,dwin,0.208085060692378
877,trans_depth,stcpb,0.16226195988048991
878,trans_depth,dtcpb,0.16040355507007825
879,trans_depth,smeansz,0.020212865744847975
880,trans_depth,dmeansz,0.20334233147707134
881,trans_depth,trans_depth,1.0
882,trans_depth,res_bdy_len,0.19620715550237333
883,trans_depth,Sjit,0.0653353185398509
884,trans_depth,Djit,0.4497727931278247
885,trans_depth,Stime,-0.0022754641820411183
886,trans_depth,Ltime,-0.0022178842926775483
887,trans_depth,Sintpkt,-0.004971476101176372
888,trans_depth,Dintpkt,0.0013103631563027422
889,trans_depth,tcprtt,0.05028532019580413
890,trans_depth,synack,0.04328846735775013
891,trans_depth,ackdat,0.04905201571566553
892,trans_depth,is_sm_ips_ports,-0.006357551199154799
893,trans_depth,ct_state_ttl,-0.05528357502055365
894,trans_depth,ct_flw_http_mthd,0.6079689695324781
895,trans_depth,is_ftp_login,-0.024372727305592506
896,trans_depth,ct_ftp_cmd,-0.024372727305592506
897,trans_depth,ct_srv_src,-0.155930395835302
898,trans_depth,ct_srv_dst,-0.1537887285273098
899,trans_depth,ct_dst_ltm,-0.11804201283032283
900,trans_depth,ct_src_ ltm,-0.11746776065634358
901,trans_depth,ct_src_dport_ltm,-0.11705581768335593
902,trans_depth,ct_dst_sport_ltm,-0.12151904202930273
903,trans_depth,ct_dst_src_ltm,-0.1327872256596671
904,res_bdy_len,proto,-0.016523561476577298
905,res_bdy_len,state,0.007367960186850375
906,res_bdy_len,dur,0.16465573456631327
907,res_bdy_len,sbytes,0.016930550299276162
908,res_bdy_len,dbytes,0.6386355701029804
909,res_bdy_len,sttl,-0.04543311892550074
910,res_bdy_len,dttl,0.016860897328083914
911,res_bdy_len,sloss,-0.006780646273253544
912,res_bdy_len,dloss,0.6165311398493629
913,res_bdy_len,service,0.11231545974603123
914,res_bdy_len,Sload,-0.035440736263785994
915,res_bdy_len,Dload,0.018221363948371386
916,res_bdy_len,Spkts,0.33387064545532835
917,res_bdy_len,Dpkts,0.5734976560286432
918,res_bdy_len,swin,0.0830571058446099
919,res_bdy_len,dwin,0.08343719676251102
920,res_bdy_len,stcpb,0.06307654638143263
921,res_bdy_len,dtcpb,0.06407953080099413
922,res_bdy_len,smeansz,-0.03676892460471398
923,res_bdy_len,dmeansz,0.30362840615970194
924,res_bdy_len,trans_depth,0.1962071555023733
925,res_bdy_len,res_bdy_len,1.0
926,res_bdy_len,Sjit,0.0033555174645034103
927,res_bdy_len,Djit,0.0369727754816681
928,res_bdy_len,Stime,-2.3002436215021947e-05
929,res_bdy_len,Ltime,0.00014890785098502387
930,res_bdy_len,Sintpkt,-0.0036760620090411705
931,res_bdy_len,Dintpkt,-0.0029175624630273555
932,res_bdy_len,tcprtt,-0.0025685248843665414
933,res_bdy_len,synack,-0.00264037231043732
934,res_bdy_len,ackdat,-0.002023449974695303
935,res_bdy_len,is_sm_ips_ports,-0.0025492279386448457
936,res_bdy_len,ct_state_ttl,-0.03389883516767028
937,res_bdy_len,ct_flw_http_mthd,0.24309137143509457
938,res_bdy_len,is_ftp_login,-0.009772888246129808
939,res_bdy_len,ct_ftp_cmd,-0.009772888246129808
940,res_bdy_len,ct_srv_src,-0.06275305292176771
941,res_bdy_len,ct_srv_dst,-0.06165615048055843
942,res_bdy_len,ct_dst_ltm,-0.046868094887616264
943,res_bdy_len,ct_src_ ltm,-0.05039845878239662
944,res_bdy_len,ct_src_dport_ltm,-0.04689212282404509
945,res_bdy_len,ct_dst_sport_ltm,-0.04879155771750747
946,res_bdy_len,ct_dst_src_ltm,-0.05401928215793065
947,Sjit,proto,-0.022502819773416158
948,Sjit,state,0.007598631106262745
949,Sjit,dur,0.12580842895318065
950,Sjit,sbytes,0.0015049440760117286
951,Sjit,dbytes,0.0179022198405557
952,Sjit,sttl,0.03882296030397873
953,Sjit,dttl,0.1672155099067604
954,Sjit,sloss,0.005635967966594867
955,Sjit,dloss,0.0170059014793851
956,Sjit,service,0.026672717410945856
957,Sjit,Sload,-0.03610059087118732
958,Sjit,Dload,-0.03852080147599326
959,Sjit,Spkts,0.011726822143730541
960,Sjit,Dpkts,0.018103997206354187
961,Sjit,swin,0.08340313295387908
962,Sjit,dwin,0.0832699962671648
963,Sjit,stcpb,0.06378527057481412
964,Sjit,dtcpb,0.06564631497108613
965,Sjit,smeansz,0.007011510016317216
966,Sjit,dmeansz,0.027232813200362044
967,Sjit,trans_depth,0.06533531853985089
968,Sjit,res_bdy_len,0.00335551746450341
969,Sjit,Sjit,1.0
970,Sjit,Djit,0.4067104206355708
971,Sjit,Stime,0.0021160137420755186
972,Sjit,Ltime,0.002247454375645775
973,Sjit,Sintpkt,0.07869819709043191
974,Sjit,Dintpkt,0.22196421356822874
975,Sjit,tcprtt,0.13964782112355476
976,Sjit,synack,0.12668277933324565
977,Sjit,ackdat,0.1289608602681934
978,Sjit,is_sm_ips_ports,-0.0026092799659222805
979,Sjit,ct_state_ttl,0.012826844515162547
980,Sjit,ct_flw_http_mthd,0.08813826420448807
981,Sjit,is_ftp_login,0.008995834748689835
982,Sjit,ct_ftp_cmd,0.008995834748689835
983,Sjit,ct_srv_src,-0.05303759053234422
984,Sjit,ct_srv_dst,-0.054079319704484805
985,Sjit,ct_dst_ltm,-0.047581936255713435
986,Sjit,ct_src_ ltm,-0.04867022950424987
987,Sjit,ct_src_dport_ltm,-0.04400550218794587
988,Sjit,ct_dst_sport_ltm,-0.04603657713129873
989,Sjit,ct_dst_src_ltm,-0.04772165874599271
990,Djit,proto,-0.0982298042579534
991,Djit,state,0.020038155762640453
992,Djit,dur,0.1883248012797243
993,Djit,sbytes,0.0016872477097898974
994,Djit,dbytes,0.15637381698196753
995,Djit,sttl,-0.1250292380059244
996,Djit,dttl,0.10517191845697481
997,Djit,sloss,0.026072350182873905
998,Djit,dloss,0.15491606213755496
999,Djit,service,0.2550387217673749
1000,Djit,Sload,-0.11755085454765143
1001,Djit,Dload,-0.11479910773148821
1002,Djit,Spkts,0.10409762799125354
1003,Djit,Dpkts,0.16157284992456336
1004,Djit,swin,0.2662324640541176
1005,Djit,dwin,0.2674916191566974
1006,Djit,stcpb,0.2071716359479731
1007,Djit,dtcpb,0.2067846854870589
1008,Djit,smeansz,-0.019325821230120253
1009,Djit,dmeansz,0.3273381119811206
1010,Djit,trans_depth,0.4497727931278247
1011,Djit,res_bdy_len,0.0369727754816681
1012,Djit,Sjit,0.40671042063557084
1013,Djit,Djit,0.9999999999999998
1014,Djit,Stime,-0.000888244151081337
1015,Djit,Ltime,-0.0006916567900997815
1016,Djit,Sintpkt,0.04830491991395164
1017,Djit,Dintpkt,0.13234023213853852
1018,Djit,tcprtt,0.029426262308328108
1019,Djit,synack,0.026238540926419928
1020,Djit,ackdat,0.027686192494881537
1021,Djit,is_sm_ips_ports,-0.008452633229527664
1022,Djit,ct_state_ttl,-0.10319347375704054
1023,Djit,ct_flw_http_mthd,0.5452238221840707
1024,Djit,is_ftp_login,-0.0011769039343736784
1025,Djit,ct_ftp_cmd,-0.0011769039343736784
1026,Djit,ct_srv_src,-0.1922100011682228
1027,Djit,ct_srv_dst,-0.18911142615957105
1028,Djit,ct_dst_ltm,-0.15431590156465466
1029,Djit,ct_src_ ltm,-0.1640275164295845
1030,Djit,ct_src_dport_ltm,-0.15406516623617425
1031,Djit,ct_dst_sport_ltm,-0.16052683057580105
1032,Djit,ct_dst_src_ltm,-0.1704386395041437
1033,Stime,proto,0.018551695209104012
1034,Stime,state,0.01944899589827832
1035,Stime,dur,0.021134896137201924
1036,Stime,sbytes,8.277284952825567e-05
1037,Stime,dbytes,-0.00510729363534443
1038,Stime,sttl,0.022313353505450075
1039,Stime,dttl,-0.00473450909108291
1040,Stime,sloss,-0.0019221984755821773
1041,Stime,dloss,-0.00573764439218507
1042,Stime,service,0.0059483722727722696
1043,Stime,Sload,0.02068786245688866
1044,Stime,Dload,-0.01658147883687454
1045,Stime,Spkts,-0.005117349983483797
1046,Stime,Dpkts,-0.0068604328180732355
1047,Stime,swin,-0.023429095186397117
1048,Stime,dwin,-0.026478589443772137
1049,Stime,stcpb,-0.021257516627377973
1050,Stime,dtcpb,-0.022264997753549398
1051,Stime,smeansz,-0.005080992754148391
1052,Stime,dmeansz,-0.01956685326657785
1053,Stime,trans_depth,-0.002275464182041118
1054,Stime,res_bdy_len,-2.3002436215021947e-05
1055,Stime,Sjit,0.0021160137420755186
1056,Stime,Djit,-0.000888244151081337
1057,Stime,Stime,1.0
1058,Stime,Ltime,0.9999994542662904
1059,Stime,Sintpkt,0.009615903887040728
1060,Stime,Dintpkt,0.006270851300643522
1061,Stime,tcprtt,0.010575309830657678
1062,Stime,synack,0.01010519998309059
1063,Stime,ackdat,0.009191299297210517
1064,Stime,is_sm_ips_ports,0.004789660131083049
1065,Stime,ct_state_ttl,0.03201759522391795
1066,Stime,ct_flw_http_mthd,0.00039674922854715554
1067,Stime,is_ftp_login,-0.0018815909574467836
1068,Stime,ct_ftp_cmd,-0.0018815909574467836
1069,Stime,ct_srv_src,0.013423933786976644
1070,Stime,ct_srv_dst,0.01438821502634406
1071,Stime,ct_dst_ltm,0.020261009124714045
1072,Stime,ct_src_ ltm,0.014605804911162411
1073,Stime,ct_src_dport_ltm,0.016845774954742865
1074,Stime,ct_dst_sport_ltm,0.024995876911323652
1075,Stime,ct_dst_src_ltm,0.01892260485555844
1076,Ltime,proto,0.018236656652672108
1077,Ltime,state,0.019542861478953705
1078,Ltime,dur,0.022177646220474415
1079,Ltime,sbytes,0.00023375506997407687
1080,Ltime,dbytes,-0.004851980491357437
1081,Ltime,sttl,0.022328574502918228
1082,Ltime,dttl,-0.004672885881609548
1083,Ltime,sloss,-0.001760075273952636
1084,Ltime,dloss,-0.0054809056209343295
1085,Ltime,service,0.005953128949960211
1086,Ltime,Sload,0.020615610956913367
1087,Ltime,Dload,-0.01664729121978872
1088,Ltime,Spkts,-0.004824618609340324
1089,Ltime,Dpkts,-0.006595413890671745
1090,Ltime,swin,-0.023385512020586894
1091,Ltime,dwin,-0.026442080165320223
1092,Ltime,stcpb,-0.0212299740481555
1093,Ltime,dtcpb,-0.022237207733524854
1094,Ltime,smeansz,-0.005059781210983005
1095,Ltime,dmeansz,-0.019473099640886622
1096,Ltime,trans_depth,-0.0022178842926775483
1097,Ltime,res_bdy_len,0.00014890785098502387
1098,Ltime,Sjit,0.002247454375645775
1099,Ltime,Djit,-0.0006916567900997815
1100,Ltime,Stime,0.9999994542662906
1101,Ltime,Ltime,1.0
1102,Ltime,Sintpkt,0.009902435506304859
1103,Ltime,Dintpkt,0.006644925315797466
1104,Ltime,tcprtt,0.010628447027964255
1105,Ltime,synack,0.01015379157830369
1106,Ltime,ackdat,0.009239934579572858
1107,Ltime,is_sm_ips_ports,0.004801565156640857
1108,Ltime,ct_state_ttl,0.03211835994945659
1109,Ltime,ct_flw_http_mthd,0.000465440164265506
1110,Ltime,is_ftp_login,-0.0018483022156637046
1111,Ltime,ct_ftp_cmd,-0.0018483022156637046
1112,Ltime,ct_srv_src,0.013318763132422867
1113,Ltime,ct_srv_dst,0.014285546695397671
1114,Ltime,ct_dst_ltm,0.020171566216763918
1115,Ltime,ct_src_ ltm,0.014511278803857134
1116,Ltime,ct_src_dport_ltm,0.01675600739618915
1117,Ltime,ct_dst_sport_ltm,0.024907043999390255
1118,Ltime,ct_dst_src_ltm,0.018830938491595218
1119,Sintpkt,proto,-0.4976996344024552
1120,Sintpkt,state,0.009653810562205866
1121,Sintpkt,dur,0.2749025628952667
1122,Sintpkt,sbytes,-0.0027434066742804196
1123,Sintpkt,dbytes,-0.00991931666343302
1124,Sintpkt,sttl,-0.03314923586925402
1125,Sintpkt,dttl,-0.013490053236036123
1126,Sintpkt,sloss,-0.008021456221540152
1127,Sintpkt,dloss,-0.012851454063348887
1128,Sintpkt,service,-0.0391128002516421
1129,Sintpkt,Sload,-0.023283422109317532
1130,Sintpkt,Dload,-0.02873053738258083
1131,Sintpkt,Spkts,-0.016237557580957056
1132,Sintpkt,Dpkts,-0.015345563771460239
1133,Sintpkt,swin,-0.040182217203964324
1134,Sintpkt,dwin,-0.042463530302597495
1135,Sintpkt,stcpb,-0.03313773237409189
1136,Sintpkt,dtcpb,-0.033031776189164946
1137,Sintpkt,smeansz,-0.022937191961477133
1138,Sintpkt,dmeansz,-0.03144918480076036
1139,Sintpkt,trans_depth,-0.004971476101176372
1140,Sintpkt,res_bdy_len,-0.0036760620090411705
1141,Sintpkt,Sjit,0.07869819709043191
1142,Sintpkt,Djit,0.04830491991395164
1143,Sintpkt,Stime,0.009615903887040726
1144,Sintpkt,Ltime,0.009902435506304859
1145,Sintpkt,Sintpkt,1.0
1146,Sintpkt,Dintpkt,0.5006720544725912
1147,Sintpkt,tcprtt,0.008789457572823539
1148,Sintpkt,synack,0.007909813135205664
1149,Sintpkt,ackdat,0.008188272832639912
1150,Sintpkt,is_sm_ips_ports,0.8066430861077464
1151,Sintpkt,ct_state_ttl,0.05696984892234405
1152,Sintpkt,ct_flw_http_mthd,-0.005543623281707046
1153,Sintpkt,is_ftp_login,-0.004977854095561679
1154,Sintpkt,ct_ftp_cmd,-0.004977854095561679
1155,Sintpkt,ct_srv_src,-0.043438903071601434
1156,Sintpkt,ct_srv_dst,-0.042485636607330395
1157,Sintpkt,ct_dst_ltm,-0.04004843262070958
1158,Sintpkt,ct_src_ ltm,-0.042606566480483304
1159,Sintpkt,ct_src_dport_ltm,-0.033121092864692385
1160,Sintpkt,ct_dst_sport_ltm,-0.03229885561067945
1161,Sintpkt,ct_dst_src_ltm,-0.03749911821262781
1162,Dintpkt,proto,-0.36857263512125754
1163,Dintpkt,state,-0.06728929904185102
1164,Dintpkt,dur,0.3588531930938523
1165,Dintpkt,sbytes,-0.0008935244411491818
1166,Dintpkt,dbytes,-0.00791639558130906
1167,Dintpkt,sttl,-0.019381243632407858
1168,Dintpkt,dttl,0.022329863571248373
1169,Dintpkt,sloss,-0.0043136332187634725
1170,Dintpkt,dloss,-0.009943207205535305
1171,Dintpkt,service,-0.02507953544919752
1172,Dintpkt,Sload,-0.02111262730253332
1173,Dintpkt,Dload,-0.023303859877015692
1174,Dintpkt,Spkts,-0.011171260758012254
1175,Dintpkt,Dpkts,-0.01084530861242526
1176,Dintpkt,swin,-0.017254959418786082
1177,Dintpkt,dwin,-0.01703675049763388
1178,Dintpkt,stcpb,-0.013381770261702036
1179,Dintpkt,dtcpb,-0.012937081636656779
1180,Dintpkt,smeansz,-0.015513427202503965
1181,Dintpkt,dmeansz,-0.01935825990607804
1182,Dintpkt,trans_depth,0.0013103631563027422
1183,Dintpkt,res_bdy_len,-0.002917562463027356
1184,Dintpkt,Sjit,0.22196421356822874
1185,Dintpkt,Djit,0.1323402321385385
1186,Dintpkt,Stime,0.006270851300643522
1187,Dintpkt,Ltime,0.006644925315797466
1188,Dintpkt,Sintpkt,0.5006720544725912
1189,Dintpkt,Dintpkt,1.0
1190,Dintpkt,tcprtt,0.024825294323814598
1191,Dintpkt,synack,0.022390274839062956
1192,Dintpkt,ackdat,0.023071709489617273
1193,Dintpkt,is_sm_ips_ports,-0.0015189870237327272
1194,Dintpkt,ct_state_ttl,-0.011328699125755928
1195,Dintpkt,ct_flw_http_mthd,0.003573461487792447
1196,Dintpkt,is_ftp_login,-0.0018388574498782177
1197,Dintpkt,ct_ftp_cmd,-0.0018388574498782177
1198,Dintpkt,ct_srv_src,-0.03634639189215806
1199,Dintpkt,ct_srv_dst,-0.03614823453794859
1200,Dintpkt,ct_dst_ltm,-0.033810876689429635
1201,Dintpkt,ct_src_ ltm,-0.03537953821912466
1202,Dintpkt,ct_src_dport_ltm,-0.027167329229010426
1203,Dintpkt,ct_dst_sport_ltm,-0.027171074490882845
1204,Dintpkt,ct_dst_src_ltm,-0.031830805730931534
1205,tcprtt,proto,-0.026697099593781342
1206,tcprtt,state,-0.03750807180180725
1207,tcprtt,dur,0.05118817063961078
1208,tcprtt,sbytes,0.0214634154952447
1209,tcprtt,dbytes,-0.014078884754269156
1210,tcprtt,sttl,0.14313870535895465
1211,tcprtt,dttl,0.48186206379964824
1212,tcprtt,sloss,0.01856215283293082
1213,tcprtt,dloss,-0.015829333481645818
1214,tcprtt,service,-0.008455874322931801
1215,tcprtt,Sload,-0.057243637542590854
1216,tcprtt,Dload,-0.05948413676958805
1217,tcprtt,Spkts,-0.005861671609375766
1218,tcprtt,Dpkts,-0.017474506268050152
1219,tcprtt,swin,0.13405772200178992
1220,tcprtt,dwin,0.13456209744061645
1221,tcprtt,stcpb,0.10639913768054884
1222,tcprtt,dtcpb,0.10607413527999744
1223,tcprtt,smeansz,0.041875574015231405
1224,tcprtt,dmeansz,-0.03581402838565352
1225,tcprtt,trans_depth,0.050285320195804124
1226,tcprtt,res_bdy_len,-0.002568524884366541
1227,tcprtt,Sjit,0.13964782112355476
1228,tcprtt,Djit,0.02942626230832811
1229,tcprtt,Stime,0.010575309830657678
1230,tcprtt,Ltime,0.010628447027964257
1231,tcprtt,Sintpkt,0.008789457572823539
1232,tcprtt,Dintpkt,0.024825294323814598
1233,tcprtt,tcprtt,1.0
1234,tcprtt,synack,0.9246108520574182
1235,tcprtt,ackdat,0.9038719045705192
1236,tcprtt,is_sm_ips_ports,-0.004118784697943231
1237,tcprtt,ct_state_ttl,0.10412815938392439
1238,tcprtt,ct_flw_http_mthd,0.06984256962564488
1239,tcprtt,is_ftp_login,0.006341055486458132
1240,tcprtt,ct_ftp_cmd,0.006341055486458132
1241,tcprtt,ct_srv_src,-0.08754894946153191
1242,tcprtt,ct_srv_dst,-0.09145698918585786
1243,tcprtt,ct_dst_ltm,-0.08964915530674683
1244,tcprtt,ct_src_ ltm,-0.09023873263923829
1245,tcprtt,ct_src_dport_ltm,-0.07546148012034726
1246,tcprtt,ct_dst_sport_ltm,-0.07816895168202392
1247,tcprtt,ct_dst_src_ltm,-0.08004613865936447
1248,synack,proto,-0.02432792180846769
1249,synack,state,-0.03499822150531508
1250,synack,dur,0.046732721183822816
1251,synack,sbytes,0.019252122345731523
1252,synack,dbytes,-0.012752241234325076
1253,synack,sttl,0.12513840003194526
1254,synack,dttl,0.4320248900581005
1255,synack,sloss,0.016812907505553948
1256,synack,dloss,-0.014269064373463376
1257,synack,service,-0.011335586600463987
1258,synack,Sload,-0.05214895313831187
1259,synack,Dload,-0.05189423095290694
1260,synack,Spkts,-0.004700792944827429
1261,synack,Dpkts,-0.01562600531386619
1262,synack,swin,0.12214881897256122
1263,synack,dwin,0.12257314571887166
1264,synack,stcpb,0.09703586650906502
1265,synack,dtcpb,0.09741206995220625
1266,synack,smeansz,0.037776032690793805
1267,synack,dmeansz,-0.032007347195588974
1268,synack,trans_depth,0.04328846735775013
1269,synack,res_bdy_len,-0.00264037231043732
1270,synack,Sjit,0.12668277933324568
1271,synack,Djit,0.02623854092641993
1272,synack,Stime,0.010105199983090592
1273,synack,Ltime,0.01015379157830369
1274,synack,Sintpkt,0.007909813135205664
1275,synack,Dintpkt,0.02239027483906296
1276,synack,tcprtt,0.9246108520574181
1277,synack,synack,1.0
1278,synack,ackdat,0.6727739375790482
1279,synack,is_sm_ips_ports,-0.0037532718385938995
1280,synack,ct_state_ttl,0.09653275740602764
1281,synack,ct_flw_http_mthd,0.06059039791706918
1282,synack,is_ftp_login,0.005033145091277488
1283,synack,ct_ftp_cmd,0.005033145091277488
1284,synack,ct_srv_src,-0.07910683739435939
1285,synack,ct_srv_dst,-0.08258391712416796
1286,synack,ct_dst_ltm,-0.08102660816089431
1287,synack,ct_src_ ltm,-0.08166859273428728
1288,synack,ct_src_dport_ltm,-0.06860653854442313
1289,synack,ct_dst_sport_ltm,-0.0712473925299123
1290,synack,ct_dst_src_ltm,-0.07260552285810372
1291,ackdat,proto,-0.024531150106591865
1292,ackdat,state,-0.03354551375522547
1293,ackdat,dur,0.046937384663354995
1294,ackdat,sbytes,0.020066383375872025
1295,ackdat,dbytes,-0.01302340865777637
1296,ackdat,sttl,0.13747570188843464
1297,ackdat,dttl,0.45071465635513175
1298,ackdat,sloss,0.01717073644378522
1299,ackdat,dloss,-0.01471976519815888
1300,ackdat,service,-0.0036928698113536675
1301,ackdat,Sload,-0.05261596203495631
1302,ackdat,Dload,-0.05725376576588415
1303,ackdat,Spkts,-0.006105677482583792
1304,ackdat,Dpkts,-0.01639120768309721
1305,ackdat,swin,0.12319528893125334
1306,ackdat,dwin,0.12369837713359863
1307,ackdat,stcpb,0.09767831278012638
1308,ackdat,dtcpb,0.09662454625318588
1309,ackdat,smeansz,0.038908762929079174
1310,ackdat,dmeansz,-0.033614219154370406
1311,ackdat,trans_depth,0.049052015715665524
1312,ackdat,res_bdy_len,-0.002023449974695303
1313,ackdat,Sjit,0.1289608602681934
1314,ackdat,Djit,0.02768619249488153
1315,ackdat,Stime,0.009191299297210515
1316,ackdat,Ltime,0.009239934579572858
1317,ackdat,Sintpkt,0.008188272832639912
1318,ackdat,Dintpkt,0.023071709489617273
1319,ackdat,tcprtt,0.9038719045705192
1320,ackdat,synack,0.6727739375790482
1321,ackdat,ackdat,1.0
1322,ackdat,is_sm_ips_ports,-0.0037846255667980657
1323,ackdat,ct_state_ttl,0.09383242927527097
1324,ackdat,ct_flw_http_mthd,0.06760630851857463
1325,ackdat,is_ftp_login,0.006663521139281161
1326,ackdat,ct_ftp_cmd,0.006663521139281161
1327,ackdat,ct_srv_src,-0.08120164009573314
1328,ackdat,ct_srv_dst,-0.08488712650330953
1329,ackdat,ct_dst_ltm,-0.08312478028585349
1330,ackdat,ct_src_ ltm,-0.08354890492109769
1331,ackdat,ct_src_dport_ltm,-0.06951700608338768
1332,ackdat,ct_dst_sport_ltm,-0.07180979145489515
1333,ackdat,ct_dst_src_ltm,-0.0739305396936843
1334,is_sm_ips_ports,proto,-0.3523053597946934
1335,is_sm_ips_ports,state,0.026439782304662145
1336,is_sm_ips_ports,dur,0.01151749052140763
1337,is_sm_ips_ports,sbytes,-0.0018091931629931341
1338,is_sm_ips_ports,dbytes,-0.006138307367289976
1339,is_sm_ips_ports,sttl,-0.02888081083490112
1340,is_sm_ips_ports,dttl,-0.018116337456710475
1341,is_sm_ips_ports,sloss,-0.005132862335535462
1342,is_sm_ips_ports,dloss,-0.007891292772228702
1343,is_sm_ips_ports,service,-0.02578449935485215
1344,is_sm_ips_ports,Sload,-0.01372037663359741
1345,is_sm_ips_ports,Dload,-0.015658518003307177
1346,is_sm_ips_ports,Spkts,-0.010781076026127637
1347,is_sm_ips_ports,Dpkts,-0.009709610542055462
1348,is_sm_ips_ports,swin,-0.030403042102207792
1349,is_sm_ips_ports,dwin,-0.030553304298317135
1350,is_sm_ips_ports,stcpb,-0.023683724673971285
1351,is_sm_ips_ports,dtcpb,-0.023806145400143218
1352,is_sm_ips_ports,smeansz,-0.016674265621883316
1353,is_sm_ips_ports,dmeansz,-0.021617087966651214
1354,is_sm_ips_ports,trans_depth,-0.006357551199154799
1355,is_sm_ips_ports,res_bdy_len,-0.0025492279386448457
1356,is_sm_ips_ports,Sjit,-0.0026092799659222805
1357,is_sm_ips_ports,Djit,-0.008452633229527664
1358,is_sm_ips_ports,Stime,0.00478966013108305
1359,is_sm_ips_ports,Ltime,0.004801565156640857
1360,is_sm_ips_ports,Sintpkt,0.8066430861077463
1361,is_sm_ips_ports,Dintpkt,-0.0015189870237327272
1362,is_sm_ips_ports,tcprtt,-0.004118784697943231
1363,is_sm_ips_ports,synack,-0.0037532718385938995
1364,is_sm_ips_ports,ackdat,-0.0037846255667980653
1365,is_sm_ips_ports,is_sm_ips_ports,1.0
1366,is_sm_ips_ports,ct_state_ttl,0.059867357130022135
1367,is_sm_ips_ports,ct_flw_http_mthd,-0.007802462898377952
1368,is_sm_ips_ports,is_ftp_login,-0.003784751916129695
1369,is_sm_ips_ports,ct_ftp_cmd,-0.003784751916129695
1370,is_sm_ips_ports,ct_srv_src,-0.02554941073688186
1371,is_sm_ips_ports,ct_srv_dst,-0.02503416875894088
1372,is_sm_ips_ports,ct_dst_ltm,-0.0236449845124397
1373,is_sm_ips_ports,ct_src_ ltm,-0.025178786921013618
1374,is_sm_ips_ports,ct_src_dport_ltm,-0.01810869946806861
1375,is_sm_ips_ports,ct_dst_sport_ltm,-0.017952268438566666
1376,is_sm_ips_ports,ct_dst_src_ltm,-0.022011343070499005
1377,ct_state_ttl,proto,-0.06691435713978729
1378,ct_state_ttl,state,0.4037054919431904
1379,ct_state_ttl,dur,0.09762322285698717
1380,ct_state_ttl,sbytes,-0.004887009639925872
1381,ct_state_ttl,dbytes,-0.08921526043066548
1382,ct_state_ttl,sttl,0.9022177803604665
1383,ct_state_ttl,dttl,0.013654895983479019
1384,ct_state_ttl,sloss,-0.05279416272747481
1385,ct_state_ttl,dloss,-0.11416206894791693
1386,ct_state_ttl,service,-0.05883065521089358
1387,ct_state_ttl,Sload,0.12633750637099692
1388,ct_state_ttl,Dload,-0.24806969048820715
1389,ct_state_ttl,Spkts,-0.1338092019432666
1390,ct_state_ttl,Dpkts,-0.139844924700074
1391,ct_state_ttl,swin,-0.3339471265961091
1392,ct_state_ttl,dwin,-0.36381464546168835
1393,ct_state_ttl,stcpb,-0.28329991420526585
1394,ct_state_ttl,dtcpb,-0.28343143759360234
1395,ct_state_ttl,smeansz,-0.09813249436449809
1396,ct_state_ttl,dmeansz,-0.3152073036492743
1397,ct_state_ttl,trans_depth,-0.05528357502055366
1398,ct_state_ttl,res_bdy_len,-0.033898835167670276
1399,ct_state_ttl,Sjit,0.012826844515162547
1400,ct_state_ttl,Djit,-0.10319347375704054
1401,ct_state_ttl,Stime,0.03201759522391795
1402,ct_state_ttl,Ltime,0.03211835994945659
1403,ct_state_ttl,Sintpkt,0.05696984892234405
1404,ct_state_ttl,Dintpkt,-0.011328699125755928
1405,ct_state_ttl,tcprtt,0.1041281593839244
1406,ct_state_ttl,synack,0.09653275740602764
1407,ct_state_ttl,ackdat,0.09383242927527097
1408,ct_state_ttl,is_sm_ips_ports,0.05986735713002213
1409,ct_state_ttl,ct_state_ttl,0.9999999999999998
1410,ct_state_ttl,ct_flw_http_mthd,-0.06463941338664009
1411,ct_state_ttl,is_ftp_login,-0.047168658970313755
1412,ct_state_ttl,ct_ftp_cmd,-0.047168658970313755
1413,ct_state_ttl,ct_srv_src,0.2907810827618238
1414,ct_state_ttl,ct_srv_dst,0.2912561919243655
1415,ct_state_ttl,ct_dst_ltm,0.240782603996035
1416,ct_state_ttl,ct_src_ ltm,0.23838289317694258
1417,ct_state_ttl,ct_src_dport_ltm,0.2686750934129384
1418,ct_state_ttl,ct_dst_sport_ltm,0.29226801067429486
1419,ct_state_ttl,ct_dst_src_ltm,0.32011543682296
1420,ct_flw_http_mthd,proto,-0.05057393001843467
1421,ct_flw_http_mthd,state,0.026938047824833562
1422,ct_flw_http_mthd,dur,0.06572949388127096
1423,ct_flw_http_mthd,sbytes,0.0021253924575963374
1424,ct_flw_http_mthd,dbytes,0.1513205729035757
1425,ct_flw_http_mthd,sttl,-0.08572234764113756
1426,ct_flw_http_mthd,dttl,0.2146105801819773
1427,ct_flw_http_mthd,sloss,-0.010018483318183483
1428,ct_flw_http_mthd,dloss,0.13744644343718804
1429,ct_flw_http_mthd,service,0.33948161141570377
1430,ct_flw_http_mthd,Sload,-0.10825794578735155
1431,ct_flw_http_mthd,Dload,-0.09225845069210668
1432,ct_flw_http_mthd,Spkts,0.0605995397843711
1433,ct_flw_http_mthd,Dpkts,0.12641338583632417
1434,ct_flw_http_mthd,swin,0.25421421795013166
1435,ct_flw_http_mthd,dwin,0.25537756832770037
1436,ct_flw_http_mthd,stcpb,0.19940264815925585
1437,ct_flw_http_mthd,dtcpb,0.19747086418167956
1438,ct_flw_http_mthd,smeansz,0.011357803897398126
1439,ct_flw_http_mthd,dmeansz,0.24600779242806523
1440,ct_flw_http_mthd,trans_depth,0.6079689695324781
1441,ct_flw_http_mthd,res_bdy_len,0.24309137143509457
1442,ct_flw_http_mthd,Sjit,0.08813826420448806
1443,ct_flw_http_mthd,Djit,0.5452238221840708
1444,ct_flw_http_mthd,Stime,0.0003967492285471555
1445,ct_flw_http_mthd,Ltime,0.000465440164265506
1446,ct_flw_http_mthd,Sintpkt,-0.005543623281707046
1447,ct_flw_http_mthd,Dintpkt,0.0035734614877924475
1448,ct_flw_http_mthd,tcprtt,0.06984256962564488
1449,ct_flw_http_mthd,synack,0.060590397917069175
1450,ct_flw_http_mthd,ackdat,0.06760630851857463
1451,ct_flw_http_mthd,is_sm_ips_ports,-0.007802462898377952
1452,ct_flw_http_mthd,ct_state_ttl,-0.06463941338664007
1453,ct_flw_http_mthd,ct_flw_http_mthd,1.0
1454,ct_flw_http_mthd,is_ftp_login,-0.029912036030390356
1455,ct_flw_http_mthd,ct_ftp_cmd,-0.029912036030390356
1456,ct_flw_http_mthd,ct_srv_src,-0.18947249554408999
1457,ct_flw_http_mthd,ct_srv_dst,-0.18624152030323574
1458,ct_flw_http_mthd,ct_dst_ltm,-0.14011188625145643
1459,ct_flw_http_mthd,ct_src_ ltm,-0.14264626938454758
1460,ct_flw_http_mthd,ct_src_dport_ltm,-0.14130064545337673
1461,ct_flw_http_mthd,ct_dst_sport_ltm,-0.14583023747219998
1462,ct_flw_http_mthd,ct_dst_src_ltm,-0.1605373164927361
1463,is_ftp_login,proto,-0.02453196907649144
1464,is_ftp_login,state,0.012988488176651092
1465,is_ftp_login,dur,0.0314926080384091
1466,is_ftp_login,sbytes,-0.0017310199627148968
1467,is_ftp_login,dbytes,-0.02044800618348902
1468,is_ftp_login,sttl,-0.061635527781341036
1469,is_ftp_login,dttl,0.046322273958292394
1470,is_ftp_login,sloss,0.030426145110060605
1471,is_ftp_login,dloss,0.005152593513161076
1472,is_ftp_login,service,0.06082765407435864
1473,is_ftp_login,Sload,-0.05249737093252744
1474,is_ftp_login,Dload,-0.05201421638115367
1475,is_ftp_login,Spkts,0.03771372464796628
1476,is_ftp_login,Dpkts,0.021321559571776155
1477,is_ftp_login,swin,0.12331205684991993
1478,is_ftp_login,dwin,0.12387636489316002
1479,is_ftp_login,stcpb,0.09708783141769131
1480,is_ftp_login,dtcpb,0.09512881972332352
1481,is_ftp_login,smeansz,-0.05416484631315853
1482,is_ftp_login,dmeansz,-0.05642947707905947
1483,is_ftp_login,trans_depth,-0.024372727305592506
1484,is_ftp_login,res_bdy_len,-0.009772888246129806
1485,is_ftp_login,Sjit,0.008995834748689835
1486,is_ftp_login,Djit,-0.0011769039343736784
1487,is_ftp_login,Stime,-0.0018815909574467836
1488,is_ftp_login,Ltime,-0.0018483022156637046
1489,is_ftp_login,Sintpkt,-0.004977854095561679
1490,is_ftp_login,Dintpkt,-0.0018388574498782175
1491,is_ftp_login,tcprtt,0.006341055486458132
1492,is_ftp_login,synack,0.005033145091277488
1493,is_ftp_login,ackdat,0.006663521139281161
1494,is_ftp_login,is_sm_ips_ports,-0.003784751916129695
1495,is_ftp_login,ct_state_ttl,-0.04716865897031375
1496,is_ftp_login,ct_flw_http_mthd,-0.029912036030390356
1497,is_ftp_login,is_ftp_login,1.0
1498,is_ftp_login,ct_ftp_cmd,1.0
1499,is_ftp_login,ct_srv_src,-0.09851200518849516
1500,is_ftp_login,ct_srv_dst,-0.0966784434462524
1501,is_ftp_login,ct_dst_ltm,-0.05367040380805165
1502,is_ftp_login,ct_src_ ltm,-0.05539668775723051
1503,is_ftp_login,ct_src_dport_ltm,-0.07174227475101069
1504,is_ftp_login,ct_dst_sport_ltm,-0.07257014863683398
1505,is_ftp_login,ct_dst_src_ltm,-0.060731121181346256
1506,ct_ftp_cmd,proto,-0.02453196907649144
1507,ct_ftp_cmd,state,0.012988488176651092
1508,ct_ftp_cmd,dur,0.0314926080384091
1509,ct_ftp_cmd,sbytes,-0.0017310199627148968
1510,ct_ftp_cmd,dbytes,-0.02044800618348902
1511,ct_ftp_cmd,sttl,-0.061635527781341036
1512,ct_ftp_cmd,dttl,0.046322273958292394
1513,ct_ftp_cmd,sloss,0.030426145110060605
1514,ct_ftp_cmd,dloss,0.005152593513161076
1515,ct_ftp_cmd,service,0.06082765407435864
1516,ct_ftp_cmd,Sload,-0.05249737093252744
1517,ct_ftp_cmd,Dload,-0.05201421638115367
1518,ct_ftp_cmd,Spkts,0.03771372464796628
1519,ct_ftp_cmd,Dpkts,0.021321559571776155
1520,ct_ftp_cmd,swin,0.12331205684991993
1521,ct_ftp_cmd,dwin,0.12387636489316002
1522,ct_ftp_cmd,stcpb,0.09708783141769131
1523,ct_ftp_cmd,dtcpb,0.09512881972332352
1524,ct_ftp_cmd,smeansz,-0.05416484631315853
1525,ct_ftp_cmd,dmeansz,-0.05642947707905947
1526,ct_ftp_cmd,trans_depth,-0.024372727305592506
1527,ct_ftp_cmd,res_bdy_len,-0.009772888246129806
1528,ct_ftp_cmd,Sjit,0.008995834748689835
1529,ct_ftp_cmd,Djit,-0.0011769039343736784
1530,ct_ftp_cmd,Stime,-0.0018815909574467836
1531,ct_ftp_cmd,Ltime,-0.0018483022156637046
1532,ct_ftp_cmd,Sintpkt,-0.004977854095561679
1533,ct_ftp_cmd,Dintpkt,-0.0018388574498782175
1534,ct_ftp_cmd,tcprtt,0.006341055486458132
1535,ct_ftp_cmd,synack,0.005033145091277488
1536,ct_ftp_cmd,ackdat,0.006663521139281161
1537,ct_ftp_cmd,is_sm_ips_ports,-0.003784751916129695
1538,ct_ftp_cmd,ct_state_ttl,-0.04716865897031375
1539,ct_ftp_cmd,ct_flw_http_mthd,-0.029912036030390356
1540,ct_ftp_cmd,is_ftp_login,1.0
1541,ct_ftp_cmd,ct_ftp_cmd,1.0
1542,ct_ftp_cmd,ct_srv_src,-0.09851200518849516
1543,ct_ftp_cmd,ct_srv_dst,-0.0966784434462524
1544,ct_ftp_cmd,ct_dst_ltm,-0.05367040380805165
1545,ct_ftp_cmd,ct_src_ ltm,-0.05539668775723051
1546,ct_ftp_cmd,ct_src_dport_ltm,-0.07174227475101069
1547,ct_ftp_cmd,ct_dst_sport_ltm,-0.07257014863683398
1548,ct_ftp_cmd,ct_dst_src_ltm,-0.060731121181346256
1549,ct_srv_src,proto,0.2435087098630969
1550,ct_srv_src,state,0.5074470524489563
1551,ct_srv_src,dur,-0.1002087234517469
1552,ct_srv_src,sbytes,-0.03771630801782867
1553,ct_srv_src,dbytes,-0.1028243614742505
1554,ct_srv_src,sttl,0.37637792278822574
1555,ct_srv_src,dttl,-0.35934988455250993
1556,ct_srv_src,sloss,-0.09552493773721836
1557,ct_srv_src,dloss,-0.13441127398439984
1558,ct_srv_src,service,-0.07492719770116187
1559,ct_srv_src,Sload,0.5092128778396359
1560,ct_srv_src,Dload,-0.2441810912433827
1561,ct_srv_src,Spkts,-0.18210831517991277
1562,ct_srv_src,Dpkts,-0.16739023832103875
1563,ct_srv_src,swin,-0.5482655668760492
1564,ct_srv_src,dwin,-0.5506139058107503
1565,ct_srv_src,stcpb,-0.4292820161335767
1566,ct_srv_src,dtcpb,-0.4285853744379258
1567,ct_srv_src,smeansz,-0.09972558036736108
1568,ct_srv_src,dmeansz,-0.37543117408414606
1569,ct_srv_src,trans_depth,-0.155930395835302
1570,ct_srv_src,res_bdy_len,-0.06275305292176771
1571,ct_srv_src,Sjit,-0.05303759053234422
1572,ct_srv_src,Djit,-0.1922100011682228
1573,ct_srv_src,Stime,0.013423933786976643
1574,ct_srv_src,Ltime,0.013318763132422867
1575,ct_srv_src,Sintpkt,-0.043438903071601434
1576,ct_srv_src,Dintpkt,-0.036346391892158054
1577,ct_srv_src,tcprtt,-0.0875489494615319
1578,ct_srv_src,synack,-0.07910683739435939
1579,ct_srv_src,ackdat,-0.08120164009573312
1580,ct_srv_src,is_sm_ips_ports,-0.02554941073688186
1581,ct_srv_src,ct_state_ttl,0.2907810827618238
1582,ct_srv_src,ct_flw_http_mthd,-0.18947249554408999
1583,ct_srv_src,is_ftp_login,-0.09851200518849516
1584,ct_srv_src,ct_ftp_cmd,-0.09851200518849516
1585,ct_srv_src,ct_srv_src,1.0
1586,ct_srv_src,ct_srv_dst,0.9825819484838318
1587,ct_srv_src,ct_dst_ltm,0.8628803809961809
1588,ct_srv_src,ct_src_ ltm,0.8585039475622874
1589,ct_srv_src,ct_src_dport_ltm,0.8863975624152769
1590,ct_srv_src,ct_dst_sport_ltm,0.8609082279154752
1591,ct_srv_src,ct_dst_src_ltm,0.9799791882245903
1592,ct_srv_dst,proto,0.24477267506366532
1593,ct_srv_dst,state,0.5034067526232846
1594,ct_srv_dst,dur,-0.09777553450328179
1595,ct_srv_dst,sbytes,-0.03773696731029578
1596,ct_srv_dst,dbytes,-0.10357922195651474
1597,ct_srv_dst,sttl,0.3766734221409693
1598,ct_srv_dst,dttl,-0.3644295599611838
1599,ct_srv_dst,sloss,-0.09663916190942179
1600,ct_srv_dst,dloss,-0.1358334304651717
1601,ct_srv_dst,service,-0.06506879666498257
1602,ct_srv_dst,Sload,0.5113003649289998
1603,ct_srv_dst,Dload,-0.26150839829297295
1604,ct_srv_dst,Spkts,-0.18529084950251906
1605,ct_srv_dst,Dpkts,-0.1691722821308793
1606,ct_srv_dst,swin,-0.5582123090335896
1607,ct_srv_dst,dwin,-0.5601996581434489
1608,ct_srv_dst,stcpb,-0.436343203684646
1609,ct_srv_dst,dtcpb,-0.4358710960254118
1610,ct_srv_dst,smeansz,-0.09655852598769883
1611,ct_srv_dst,dmeansz,-0.3874986422742239
1612,ct_srv_dst,trans_depth,-0.1537887285273098
1613,ct_srv_dst,res_bdy_len,-0.06165615048055843
1614,ct_srv_dst,Sjit,-0.054079319704484805
1615,ct_srv_dst,Djit,-0.18911142615957105
1616,ct_srv_dst,Stime,0.01438821502634406
1617,ct_srv_dst,Ltime,0.014285546695397671
1618,ct_srv_dst,Sintpkt,-0.042485636607330395
1619,ct_srv_dst,Dintpkt,-0.03614823453794859
1620,ct_srv_dst,tcprtt,-0.09145698918585786
1621,ct_srv_dst,synack,-0.08258391712416797
1622,ct_srv_dst,ackdat,-0.08488712650330954
1623,ct_srv_dst,is_sm_ips_ports,-0.02503416875894088
1624,ct_srv_dst,ct_state_ttl,0.2912561919243655
1625,ct_srv_dst,ct_flw_http_mthd,-0.18624152030323574
1626,ct_srv_dst,is_ftp_login,-0.09667844344625241
1627,ct_srv_dst,ct_ftp_cmd,-0.09667844344625241
1628,ct_srv_dst,ct_srv_src,0.9825819484838317
1629,ct_srv_dst,ct_srv_dst,1.0
1630,ct_srv_dst,ct_dst_ltm,0.8724057324731868
1631,ct_srv_dst,ct_src_ ltm,0.8528261579946212
1632,ct_srv_dst,ct_src_dport_ltm,0.8888599827792704
1633,ct_srv_dst,ct_dst_sport_ltm,0.8648037777907335
1634,ct_srv_dst,ct_dst_src_ltm,0.9831371244369259
1635,ct_dst_ltm,proto,0.2317193694558743
1636,ct_dst_ltm,state,0.44451146738374137
1637,ct_dst_ltm,dur,-0.0848604276669412
1638,ct_dst_ltm,sbytes,-0.03199804565993197
1639,ct_dst_ltm,dbytes,-0.10433393188240128
1640,ct_dst_ltm,sttl,0.3185933478276241
1641,ct_dst_ltm,dttl,-0.33506443202806674
1642,ct_dst_ltm,sloss,-0.08945859245218728
1643,ct_dst_ltm,dloss,-0.1344090813599023
1644,ct_dst_ltm,service,0.011115757760176648
1645,ct_dst_ltm,Sload,0.45309112591075595
1646,ct_dst_ltm,Dload,-0.27108048814586205
1647,ct_dst_ltm,Spkts,-0.17881530277434435
1648,ct_dst_ltm,Dpkts,-0.16514293864603272
1649,ct_dst_ltm,swin,-0.5111155095541924
1650,ct_dst_ltm,dwin,-0.5115652989939152
1651,ct_dst_ltm,stcpb,-0.3988411216752504
1652,ct_dst_ltm,dtcpb,-0.3984221196954934
1653,ct_dst_ltm,smeansz,-0.06324235280631796
1654,ct_dst_ltm,dmeansz,-0.3719228736824212
1655,ct_dst_ltm,trans_depth,-0.11804201283032281
1656,ct_dst_ltm,res_bdy_len,-0.046868094887616264
1657,ct_dst_ltm,Sjit,-0.047581936255713435
1658,ct_dst_ltm,Djit,-0.15431590156465466
1659,ct_dst_ltm,Stime,0.020261009124714045
1660,ct_dst_ltm,Ltime,0.020171566216763918
1661,ct_dst_ltm,Sintpkt,-0.04004843262070958
1662,ct_dst_ltm,Dintpkt,-0.033810876689429635
1663,ct_dst_ltm,tcprtt,-0.08964915530674683
1664,ct_dst_ltm,synack,-0.08102660816089431
1665,ct_dst_ltm,ackdat,-0.08312478028585348
1666,ct_dst_ltm,is_sm_ips_ports,-0.0236449845124397
1667,ct_dst_ltm,ct_state_ttl,0.240782603996035
1668,ct_dst_ltm,ct_flw_http_mthd,-0.14011188625145643
1669,ct_dst_ltm,is_ftp_login,-0.05367040380805166
1670,ct_dst_ltm,ct_ftp_cmd,-0.05367040380805166
1671,ct_dst_ltm,ct_srv_src,0.8628803809961808
1672,ct_dst_ltm,ct_srv_dst,0.8724057324731866
1673,ct_dst_ltm,ct_dst_ltm,1.0
1674,ct_dst_ltm,ct_src_ ltm,0.9655127923796383
1675,ct_dst_ltm,ct_src_dport_ltm,0.9792777530039143
1676,ct_dst_ltm,ct_dst_sport_ltm,0.8826381298779343
1677,ct_dst_ltm,ct_dst_src_ltm,0.8779178388409324
1678,ct_src_ ltm,proto,0.2289006912922241
1679,ct_src_ ltm,state,0.4386193106987233
1680,ct_src_ ltm,dur,-0.08949672275775218
1681,ct_src_ ltm,sbytes,-0.031933246502039485
1682,ct_src_ ltm,dbytes,-0.10763028501985994
1683,ct_src_ ltm,sttl,0.31646020484926185
1684,ct_src_ ltm,dttl,-0.33119657117272383
1685,ct_src_ ltm,sloss,-0.08984681060171078
1686,ct_src_ ltm,dloss,-0.1373497352827091
1687,ct_src_ ltm,service,0.005112507544318313
1688,ct_src_ ltm,Sload,0.4463731987844669
1689,ct_src_ ltm,Dload,-0.2561175784548742
1690,ct_src_ ltm,Spkts,-0.17971418821447074
1691,ct_src_ ltm,Dpkts,-0.1676934723565746
1692,ct_src_ ltm,swin,-0.49932245182000645
1693,ct_src_ ltm,dwin,-0.49981502771280545
1694,ct_src_ ltm,stcpb,-0.3898020095782514
1695,ct_src_ ltm,dtcpb,-0.38915397412207536
1696,ct_src_ ltm,smeansz,-0.062460388607328936
1697,ct_src_ ltm,dmeansz,-0.3656047633670492
1698,ct_src_ ltm,trans_depth,-0.11746776065634357
1699,ct_src_ ltm,res_bdy_len,-0.05039845878239662
1700,ct_src_ ltm,Sjit,-0.04867022950424988
1701,ct_src_ ltm,Djit,-0.1640275164295845
1702,ct_src_ ltm,Stime,0.014605804911162413
1703,ct_src_ ltm,Ltime,0.014511278803857133
1704,ct_src_ ltm,Sintpkt,-0.04260656648048331
1705,ct_src_ ltm,Dintpkt,-0.03537953821912466
1706,ct_src_ ltm,tcprtt,-0.09023873263923829
1707,ct_src_ ltm,synack,-0.0816685927342873
1708,ct_src_ ltm,ackdat,-0.08354890492109769
1709,ct_src_ ltm,is_sm_ips_ports,-0.025178786921013614
1710,ct_src_ ltm,ct_state_ttl,0.23838289317694256
1711,ct_src_ ltm,ct_flw_http_mthd,-0.14264626938454758
1712,ct_src_ ltm,is_ftp_login,-0.0553966877572305
1713,ct_src_ ltm,ct_ftp_cmd,-0.0553966877572305
1714,ct_src_ ltm,ct_srv_src,0.8585039475622873
1715,ct_src_ ltm,ct_srv_dst,0.8528261579946211
1716,ct_src_ ltm,ct_dst_ltm,0.9655127923796383
1717,ct_src_ ltm,ct_src_ ltm,1.0
1718,ct_src_ ltm,ct_src_dport_ltm,0.9711092248501758
1719,ct_src_ ltm,ct_dst_sport_ltm,0.8685295497355614
1720,ct_src_ ltm,ct_dst_src_ltm,0.8644024974856657
1721,ct_src_dport_ltm,proto,0.2255083267559929
1722,ct_src_dport_ltm,state,0.47111565993100735
1723,ct_src_dport_ltm,dur,-0.08539055131390219
1724,ct_src_dport_ltm,sbytes,-0.03198626455295123
1725,ct_src_dport_ltm,dbytes,-0.10692919781575934
1726,ct_src_dport_ltm,sttl,0.36141831927263995
1727,ct_src_dport_ltm,dttl,-0.32659810973880893
1728,ct_src_dport_ltm,sloss,-0.09324537103150218
1729,ct_src_dport_ltm,dloss,-0.13908180699274164
1730,ct_src_dport_ltm,service,0.011899516364674227
1731,ct_src_dport_ltm,Sload,0.48432045347860403
1732,ct_src_dport_ltm,Dload,-0.28876098712875475
1733,ct_src_dport_ltm,Spkts,-0.18644979952190338
1734,ct_src_dport_ltm,Dpkts,-0.17185337448929858
1735,ct_src_dport_ltm,swin,-0.5447391592371383
1736,ct_src_dport_ltm,dwin,-0.5422785646894943
1737,ct_src_dport_ltm,stcpb,-0.4227256003016379
1738,ct_src_dport_ltm,dtcpb,-0.4223662181799143
1739,ct_src_dport_ltm,smeansz,-0.07220039765365638
1740,ct_src_dport_ltm,dmeansz,-0.3913358667427995
1741,ct_src_dport_ltm,trans_depth,-0.11705581768335595
1742,ct_src_dport_ltm,res_bdy_len,-0.0468921228240451
1743,ct_src_dport_ltm,Sjit,-0.044005502187945876
1744,ct_src_dport_ltm,Djit,-0.15406516623617425
1745,ct_src_dport_ltm,Stime,0.016845774954742865
1746,ct_src_dport_ltm,Ltime,0.01675600739618915
1747,ct_src_dport_ltm,Sintpkt,-0.03312109286469239
1748,ct_src_dport_ltm,Dintpkt,-0.027167329229010422
1749,ct_src_dport_ltm,tcprtt,-0.07546148012034726
1750,ct_src_dport_ltm,synack,-0.06860653854442313
1751,ct_src_dport_ltm,ackdat,-0.06951700608338766
1752,ct_src_dport_ltm,is_sm_ips_ports,-0.018108699468068614
1753,ct_src_dport_ltm,ct_state_ttl,0.2686750934129384
1754,ct_src_dport_ltm,ct_flw_http_mthd,-0.14130064545337676
1755,ct_src_dport_ltm,is_ftp_login,-0.07174227475101069
1756,ct_src_dport_ltm,ct_ftp_cmd,-0.07174227475101069
1757,ct_src_dport_ltm,ct_srv_src,0.8863975624152769
1758,ct_src_dport_ltm,ct_srv_dst,0.8888599827792704
1759,ct_src_dport_ltm,ct_dst_ltm,0.9792777530039143
1760,ct_src_dport_ltm,ct_src_ ltm,0.9711092248501758
1761,ct_src_dport_ltm,ct_src_dport_ltm,1.0
1762,ct_src_dport_ltm,ct_dst_sport_ltm,0.9113681696086146
1763,ct_src_dport_ltm,ct_dst_src_ltm,0.8996733319049186
1764,ct_dst_sport_ltm,proto,0.23495850123888837
1765,ct_dst_sport_ltm,state,0.5012590247581242
1766,ct_dst_sport_ltm,dur,-0.0844345767510525
1767,ct_dst_sport_ltm,sbytes,-0.033200289162555824
1768,ct_dst_sport_ltm,dbytes,-0.11773497609982585
1769,ct_dst_sport_ltm,sttl,0.3911587463007042
1770,ct_dst_sport_ltm,dttl,-0.34584389621305783
1771,ct_dst_sport_ltm,sloss,-0.09866750280751563
1772,ct_dst_sport_ltm,dloss,-0.15144379632982818
1773,ct_dst_sport_ltm,service,0.022888545246138946
1774,ct_dst_sport_ltm,Sload,0.5093341883035839
1775,ct_dst_sport_ltm,Dload,-0.3012619136496805
1776,ct_dst_sport_ltm,Spkts,-0.19865268194838978
1777,ct_dst_sport_ltm,Dpkts,-0.18637053826574806
1778,ct_dst_sport_ltm,swin,-0.5888652290455506
1779,ct_dst_sport_ltm,dwin,-0.586462889632442
1780,ct_dst_sport_ltm,stcpb,-0.4570604013313616
1781,ct_dst_sport_ltm,dtcpb,-0.4569532165882567
1782,ct_dst_sport_ltm,smeansz,-0.07299099202891823
1783,ct_dst_sport_ltm,dmeansz,-0.4151557436479422
1784,ct_dst_sport_ltm,trans_depth,-0.12151904202930275
1785,ct_dst_sport_ltm,res_bdy_len,-0.048791557717507476
1786,ct_dst_sport_ltm,Sjit,-0.04603657713129873
1787,ct_dst_sport_ltm,Djit,-0.16052683057580108
1788,ct_dst_sport_ltm,Stime,0.024995876911323652
1789,ct_dst_sport_ltm,Ltime,0.02490704399939026
1790,ct_dst_sport_ltm,Sintpkt,-0.03229885561067946
1791,ct_dst_sport_ltm,Dintpkt,-0.027171074490882845
1792,ct_dst_sport_ltm,tcprtt,-0.07816895168202392
1793,ct_dst_sport_ltm,synack,-0.07124739252991232
1794,ct_dst_sport_ltm,ackdat,-0.07180979145489513
1795,ct_dst_sport_ltm,is_sm_ips_ports,-0.017952268438566666
1796,ct_dst_sport_ltm,ct_state_ttl,0.29226801067429486
1797,ct_dst_sport_ltm,ct_flw_http_mthd,-0.14583023747219998
1798,ct_dst_sport_ltm,is_ftp_login,-0.07257014863683396
1799,ct_dst_sport_ltm,ct_ftp_cmd,-0.07257014863683396
1800,ct_dst_sport_ltm,ct_srv_src,0.8609082279154752
1801,ct_dst_sport_ltm,ct_srv_dst,0.8648037777907336
1802,ct_dst_sport_ltm,ct_dst_ltm,0.8826381298779343
1803,ct_dst_sport_ltm,ct_src_ ltm,0.8685295497355614
1804,ct_dst_sport_ltm,ct_src_dport_ltm,0.9113681696086146
1805,ct_dst_sport_ltm,ct_dst_sport_ltm,1.0
1806,ct_dst_sport_ltm,ct_dst_src_ltm,0.8807152460591028
1807,ct_dst_src_ltm,proto,0.23984537322849378
1808,ct_dst_src_ltm,state,0.5146909823897686
1809,ct_dst_src_ltm,dur,-0.08716636790315752
1810,ct_dst_src_ltm,sbytes,-0.03521743005454813
1811,ct_dst_src_ltm,dbytes,-0.11361021391969009
1812,ct_dst_src_ltm,sttl,0.4079602458981155
1813,ct_dst_src_ltm,dttl,-0.3513359745545079
1814,ct_dst_src_ltm,sloss,-0.10072317202968793
1815,ct_dst_src_ltm,dloss,-0.148339186603487
1816,ct_dst_src_ltm,service,0.009594370971750005
1817,ct_dst_src_ltm,Sload,0.5260159227412411
1818,ct_dst_src_ltm,Dload,-0.314785949625301
1819,ct_dst_src_ltm,Spkts,-0.200457858004644
1820,ct_dst_src_ltm,Dpkts,-0.18380419128431744
1821,ct_dst_src_ltm,swin,-0.58181159492274
1822,ct_dst_src_ltm,dwin,-0.5840317908423233
1823,ct_dst_src_ltm,stcpb,-0.45508576368507964
1824,ct_dst_src_ltm,dtcpb,-0.4548025792326284
1825,ct_dst_src_ltm,smeansz,-0.06849516789598328
1826,ct_dst_src_ltm,dmeansz,-0.4240377612771291
1827,ct_dst_src_ltm,trans_depth,-0.1327872256596671
1828,ct_dst_src_ltm,res_bdy_len,-0.05401928215793065
1829,ct_dst_src_ltm,Sjit,-0.04772165874599272
1830,ct_dst_src_ltm,Djit,-0.1704386395041437
1831,ct_dst_src_ltm,Stime,0.01892260485555844
1832,ct_dst_src_ltm,Ltime,0.01883093849159522
1833,ct_dst_src_ltm,Sintpkt,-0.03749911821262781
1834,ct_dst_src_ltm,Dintpkt,-0.031830805730931534
1835,ct_dst_src_ltm,tcprtt,-0.08004613865936447
1836,ct_dst_src_ltm,synack,-0.07260552285810372
1837,ct_dst_src_ltm,ackdat,-0.0739305396936843
1838,ct_dst_src_ltm,is_sm_ips_ports,-0.022011343070499005
1839,ct_dst_src_ltm,ct_state_ttl,0.32011543682296
1840,ct_dst_src_ltm,ct_flw_http_mthd,-0.16053731649273606
1841,ct_dst_src_ltm,is_ftp_login,-0.060731121181346256
1842,ct_dst_src_ltm,ct_ftp_cmd,-0.060731121181346256
1843,ct_dst_src_ltm,ct_srv_src,0.9799791882245902
1844,ct_dst_src_ltm,ct_srv_dst,0.9831371244369259
1845,ct_dst_src_ltm,ct_dst_ltm,0.8779178388409324
1846,ct_dst_src_ltm,ct_src_ ltm,0.8644024974856657
1847,ct_dst_src_ltm,ct_src_dport_ltm,0.8996733319049186
1848,ct_dst_src_ltm,ct_dst_sport_ltm,0.8807152460591028
1849,ct_dst_src_ltm,ct_dst_src_ltm,1.0
